Whealbi serial number	Taxonomy	Taxonomy	Taxonomy	Variety/Genotype	Acession number	Genome	Country of origin	Collection site	Altitude	Latitude	Longitude	Growth habit	Biological status	Year listed / recommended; acquisition year; released	Pedigree	Population	Seed source	Source genebank	Breeder
WW-252	Triticum	boeoticum Boiss.	subsp. thaoudar (Reut. ex Hausskn. ) Grossh.3		ID 758 EP079-EP086	Ab 	Turkey	Diyarbakir, 52.5 km west of Diyarbakir in the Karakadaj					wild			wheat wild relatives and neglected	Kilian		
WW-253	Triticum	monococcum L.	T. monococcum L.		ID 05 EP001-1	Ab 	Turkey	Turkey, Samsun, 20 km west								wheat wild relatives and neglected	Kilian		
WW-263	Triticum	boeoticum Boiss.	subsp. thaoudar (Reut. ex Hausskn. ) Grossh.3		ID 379 EP046	Ab 	Lebanon	El Beqaa								wheat wild relatives and neglected	Kilian		
WW-254	Triticum	monococcum L.	T. monococcum L.		ID 492 EP051-2	Am	Turkey	Turkey, Bursa, field, 60 km SW of Bursa, 								wheat wild relatives and neglected	Kilian		
WW-255	Triticum	monococcum L.	T. monococcum L.		ID 1331 EP032-3	Am	Italy	Italy, Latium								wheat wild relatives and neglected	Kilian		
WW-249	Triticum	urartu Thum. ex Gandil.			ID 388 EP047-1	Au	Lebanon	Lebanon, Talia, El-Beqaa valley					wild			wheat wild relatives and neglected	Kilian		
WW-250	Triticum	urartu Thum. ex Gandil.			ID 393 EP048-1	Au	Iran	Iran, Bakhtaran, 6 km S Shahabad					wild			wheat wild relatives and neglected	Kilian		
WW-251	Triticum	urartu Thum. ex Gandil.			ID 1396 EP036-EP037	Au	Turkey	Turkey, Mardin					wild			wheat wild relatives and neglected	Kilian		
WW-178	Triticum	durum Desf.		Langdon		BA	USA										Saranga/Fahima		
WW-179	Triticum	dicoccoides (Koern. ex Aschers. et Graebn.) Schweinf.		G18-16		BA	Israel						wild				Saranga/Fahima		
WW-180	Triticum	turgidum		LxG #12		BA	Israel									F7 RIL (Langdon x G18-16)	Saranga/Fahima		
WW-181	Triticum	turgidum		LxG #105		BA	Israel									F7 RIL (Langdon x G18-16)	Saranga/Fahima		
WW-182	Triticum	turgidum		LxG #154		BA	Israel									F7 RIL (Langdon x G18-16)	Saranga/Fahima		
WW-198	Triticum	durum Desf.		Hevidi		BA	Turkey					Alternative/Spring	Landrace				Hakan Özkan		-
WW-200	Triticum	durum Desf.		Menceki		BA	Turkey					Alternative/Spring	Landrace				Hakan Özkan		-
WW-201	Triticum	durum Desf.		Durnadili		BA	Turkey					Alternative/Spring	Landrace				Hakan Özkan		-
WW-202	Triticum	durum Desf.		Boğacak		BA	Turkey					Alternative/Spring	Landrace				Hakan Özkan		-
WW-203	Triticum	durum Desf.		Mersiye		BA	Turkey					Alternative/Spring	Landrace				Hakan Özkan		-
WW-204	Triticum	durum Desf.		Balcalı-85		BA	Turkey					Alternative/Spring	Old variety	20/04/1985			Hakan Özkan		Cukurova Uni.
WW-205	Triticum	durum Desf.		Balcalı-2000		BA	Turkey					Alternative/Spring	Current variety	28/04/2000			Hakan Özkan		Cukurova Uni.
WW-245	Triticum	durum Desf.	subsp. durum		DIC 169	BA	France						Cultivar	1990		wheat wild relatives and neglected	Kilian		
WW-257	Triticum	dicoccoides (Koern. ex Aschers. et Graebn.) Schweinf.	subsp. judaicum Vav.		DIC 44 TP011-TP020	BA	Lebanon	Lebanon; Mt. Hermon  33° 25`N; 35° 52` E					wild			wheat wild relatives and neglected	Kilian		
WW-258	Triticum	dicoccoides (Koern. ex Aschers. et Graebn.) Schweinf.	subsp. dicoccoides		DIC 55 TP021-TP028	BA	Turkey	Turkey; 36.2km west of Diyarbakir in the Karakadag 1200m, 37° 53`N, 39° 52`E					wild			wheat wild relatives and neglected	Kilian		
WW-260	Triticum	dicoccoides (Koern. ex Aschers. et Graebn.) Schweinf.	subsp. dicoccoides 		8812	BA	Iraq	Iraq, North slope of Jabal Sinjar N of Kursi					wild			wheat wild relatives and neglected	Kilian		
WW-261	Triticum	dicoccoides (Koern. ex Aschers. et Graebn.) Schweinf.	subsp. dicoccoides 		8943	BA	Iran	Iran, 58.8 km N from Kermanshah to Ravansar					wild			wheat wild relatives and neglected	Kilian		
WW-262	Triticum	durum Desf.			DIC 193	BA	Italy						Cultivar	1928		wheat wild relatives and neglected	Kilian		
WW-264	Triticum	dicoccon Schrank	subsp. asiaticum Vav.		TRI 5860	BA	Iran	Gindergache, 10 km von Mahabadnach Tabriz								wheat wild relatives and neglected	Kilian		
WW-265	Triticum	dicoccon Schrank	subsp. dicoccon		PI 276002	BA	Spain	Cuenca								wheat wild relatives and neglected	Kilian		
WW-267	Triticum	dicoccon Schrank	subsp. dicoccon		PI 362071	BA	Romania	Cluj								wheat wild relatives and neglected	Kilian		
WW-268	Triticum	dicoccon Schrank	subsp. asiaticum Vav.		PI 470739	BA	Turkey	Kars								wheat wild relatives and neglected	Kilian		
WW-243	Triticum 	dicoccon Schrank	subsp. abyssinicumVav.		CItr 14621	BA 	Ethiopia	Shewa					landrace			wheat wild relatives and neglected	Kilian		
WW-244	Triticum 	dicoccon Schrank	subsp. asiaticum Vav.		PI 41025	BA 	Russia	Samara					landrace			wheat wild relatives and neglected	Kilian		
WW-001	Triticum	aestivum		LEEDS		BAD	France					Winter	Current variety				KWS		Momont
WW-002	Triticum	aestivum		STADIUM		BAD	France					Winter	Current variety				KWS		Momont
WW-003	Triticum	aestivum		CALISOL		BAD	France					Winter	Current variety				KWS		Momont
WW-004	Triticum	aestivum		ZEPHYR		BAD	France					Winter	Current variety				KWS		Momont
WW-005	Triticum	aestivum		FORZOR		BAD	France					Winter	Current variety				KWS		Momont
WW-006	Triticum	aestivum		TOSKANI		BAD	France					Winter	Current variety				KWS		Momont
WW-007	Triticum	aestivum		LITHIUM		BAD	France					Winter	Current variety				KWS		Momont
WW-008	Triticum	aestivum		MODERN		BAD	France					Winter	Current variety				KWS		Momont
WW-009	Triticum	aestivum		KWS Dacanto		BAD	Germany					Winter	Current variety				KWS		KWS Lochow
WW-010	Triticum	aestivum		KWS Ferrum		BAD	Germany					Winter	Current variety	2012			KWS		KWS Lochow
WW-011	Triticum	aestivum		Julius		BAD	Germany					Winter	Current variety	2008			KWS		KWS Lochow
WW-012	Triticum	aestivum		Dekan		BAD	Germany					Winter	Current variety	1999			KWS		KWS Lochow
WW-013	Triticum	aestivum		KWS Magic		BAD	Germany					Winter	Current variety				KWS		KWS Lochow
WW-014	Triticum	aestivum		KWS Milaneco		BAD	Germany					Winter	Current variety				KWS		KWS Lochow
WW-015	Triticum	aestivum		KWS Jonatan		BAD	Germany					Winter	Current variety				KWS		KWS Lochow
WW-016	Triticum	aestivum		Taifun		BAD	Germany					Spring	Current variety	2003			KWS		KWS Lochow
WW-017	Triticum	aestivum		KWS Scirocco		BAD	Germany					Spring	Current variety	2008			KWS		KWS Lochow
WW-018	Triticum	aestivum		KWS Chamsin		BAD	Germany					Spring	Current variety	2008			KWS		KWS Lochow
WW-019	Triticum	aestivum		Bologna		BAD	Italy					Winter	Current variety	2002			SIS		CCBENOIST (now Syngenta)
WW-020	Triticum	aestivum		Palesio		BAD	Italy					Facultative	Current variety	2000			SIS		SIS
WW-021	Triticum	aestivum		Tiepolo		BAD	Italy					Winter	Current variety	2009			SIS		CCB/SIS
WW-022	Triticum	aestivum		Altamira		BAD	Italy					Facultative	Current variety	2009			SIS		LIMAGRAIN
WW-023	Triticum	aestivum		MV-TOBORZO		BAD	Hungary					Winter	Current variety	2003			Martonvasar		Martonvasar
WW-024	Triticum	aestivum		MV-KARIZMA		BAD	Hungary					Facultative	Current variety	2009			Martonvasar		Martonvasar
WW-025	Triticum	aestivum		MV-SUBA		BAD	Hungary					Winter	Current variety	2002			Martonvasar		Martonvasar
WW-026	Triticum	aestivum		MV-KOLO		BAD	Hungary					Winter	Current variety	2006			Martonvasar		Martonvasar
WW-027	Triticum	aestivum		MV-MAGDALENA		BAD	Hungary					Winter	Current variety	1996			Martonvasar		Martonvasar
WW-028	Triticum	aestivum		Martonvásári 9kr1 (MV9KR1)		BAD	Hungary					Winter	Parental material, not a cultivar	1996	cross between Matonvasari 9 and Chinese Spring		Martonvasar		Martonvasar
WW-029	Triticum	aestivum		ASAKAZE-KOMUGI		BAD	Japan					Facultative	Parental material	1978	cross between 'Saikai 115' (Hiyokukomugi) and 'Saikai 120' (Shiroganekomugi)		Martonvasar		National Kyushu Agricultural Research Center (present, NARO Kyushu Okinawa Agricultural Research Center)
WW-030	Triticum	aestivum		KWS Satiago		BAD	United Kingdom					Winter	Current variety	2011					KWS UK
WW-031	Triticum	aestivum		KWS Croft		BAD	United Kingdom					Winter	Current variety	2013					KWS UK
WW-032	Triticum	aestivum		Conqueror		BAD	United Kingdom					Winter	Current variety	2010					KWS UK
WW-033	Triticum	aestivum		Cordiale		BAD	United Kingdom					Winter	Current variety	2004					KWS UK
WW-034	Triticum	aestivum		KWS Willow		BAD	United Kingdom					Spring	Current variety	2011					KWS UK
WW-035	Triticum	aestivum		Granary		BAD	United Kingdom					Spring	Current variety	2009					KWS UK
WW-036	Triticum	aestivum		Actros 		BAD	DE/DK					Winter		2005		GABI WHEAT			BertholdBauer
WW-037	Triticum	aestivum		Aguila		BAD	France					Winter		2005		GABI WHEAT			Secobra
WW-038	Triticum	aestivum		Akratos               		BAD	Germany					Winter		2004		GABI WHEAT			Strube                                 
WW-039	Triticum	aestivum		Akteur                 		BAD	DE/CZ/PL					Winter		2003		GABI WHEAT			Dt. Saatveredelung 
WW-040	Triticum	aestivum		Alcazar                 		BAD	F/PL					Winter		2004		GABI WHEAT			Secobra                               
WW-041	Triticum	aestivum		Aldric                    		BAD	France					Winter		2007		GABI WHEAT			Desprez                              
WW-042	Triticum	aestivum		Global  		BAD	Germany					Winter		2009		GABI WHEAT			RAGT
WW-043	Triticum	aestivum		Inspiration         		BAD	DE/F/DK					Winter		2007		GABI WHEAT			Breun                                   
WW-044	Triticum	aestivum		Kalahari               		BAD	DE/F/DK					Winter		2010		GABI WHEAT			Limagrain                            
WW-045	Triticum	aestivum		Orcas                    		BAD	Germany					Winter		2010		GABI WHEAT			Secobra                               
WW-046	Triticum	aestivum		Phare                   		BAD	France					Winter		2007		GABI WHEAT			Desprez                              
WW-047	Triticum	aestivum		Rimbaud             		BAD	France					Winter		2009		GABI WHEAT			Secobra                               
WW-048	Triticum	aestivum		ALCHEMY		BAD	United Kingdom					Winter		2006		NIAB MAGIC			Limagrain                            
WW-049	Triticum	aestivum		BROMPTON		BAD	United Kingdom					Winter		2005		NIAB MAGIC			Elsoms
WW-050	Triticum	aestivum		CLAIRE		BAD	United Kingdom					Winter		1999		NIAB MAGIC			Limagrain                            
WW-051	Triticum	aestivum		HEREWARD		BAD	United Kingdom					Winter		1991		NIAB MAGIC			RAGT
WW-052	Triticum	aestivum		RIALTO		BAD	United Kingdom					Winter		1992		NIAB MAGIC			RAGT
WW-053	Triticum	aestivum		ROBIGUS		BAD	United Kingdom					Winter		2003		NIAB MAGIC			KWS
WW-054	Triticum	aestivum		SOISSONS		BAD	France					Winter		1995		NIAB MAGIC			Desprez                              
WW-055	Triticum	aestivum		XI-19		BAD	United Kingdom					Facultative		2002		NIAB MAGIC			Nickersons
WW-056	Triticum	aestivum		WELFORD		BAD	United Kingdom					Winter		2004		TriticeaeGenome			
WW-057	Triticum	aestivum		CHANCELIER		BAD	France									TriticeaeGenome			
WW-058	Triticum	aestivum		AMI		BAD	France									TriticeaeGenome			
WW-059	Triticum	aestivum		SHAMROCK		BAD	United Kingdom					Winter		1997		TriticeaeGenome			
WW-060	Triticum	aestivum		KALTOP		BAD	Germany									TriticeaeGenome			
WW-061	Triticum	aestivum		PAUILLAC		BAD	France									TriticeaeGenome			
WW-062	Triticum	aestivum		QUEBON		BAD	France									TriticeaeGenome			
WW-063	Triticum	aestivum		METEOR		BAD	Germany									TriticeaeGenome			
WW-064	Triticum	aestivum		Saratovskya 29		BAD	Russia					Spring	Old cultivar				IPK/ Börner		
WW-065	Triticum	aestivum		Janetskis Probat		BAD	Germany					Spring	Old cultivar				IPK/ Börner		
WW-066	Triticum	aestivum		Synthetics R93		BAD						Facultative	Synthetics				IPK/ Börner		
WW-067	Triticum	aestivum		Sibilla		BAD	Italy						cultivar		 		CRA		
WW-068	Triticum	aestivum		Victo		BAD	France						cultivar	1994			CRA		
WW-069	Triticum	aestivum		Spada		BAD	France						cultivar	 			CRA		
WW-070	Triticum	aestivum		Agadir		BAD	France						cultivar	2002	(GA600 x Soissons) x Arche		CRA		
WW-071	Triticum	aestivum		Artico		BAD	France						cultivar	2000	multiple cross		CRA		
WW-072	Triticum	aestivum	var. aestivum 	Rusalka 	TRI 9671	BAD	Bulgaria					Winter		1970			IPK/Kilian		
WW-073	Triticum	aestivum	var. aestivum 	San Pastore Typ 2 	TRI 9409	BAD	Italy					Winter		1969			IPK/Kilian		
WW-074	Triticum	aestivum	var. aestivum 	Norin 16 	TRI 7453	BAD	Japan					Winter		1964			IPK/Kilian		
WW-075	Triticum	aestivum	var. aestivum 	Suwon Nr. 86 	TRI 7094	BAD	South Korea					Winter		1957			IPK/Kilian		
WW-076	Triticum	aestivum	var. aestivum 		TRI 8439	BAD	Democratic People's Republic of Korea (North Korea)					Winter		1968			IPK/Kilian		
WW-077	Triticum	aestivum	var. aestivum 	NS 732 	TRI 9464	BAD	Yugoslavia					Winter		1969			IPK/Kilian		
WW-078	Triticum	aestivum	var. ferrugineum 		TRI 2416	BAD	Albania					Winter		1947			IPK/Kilian		
WW-079	Triticum	aestivum	var. ferrugineum 	Norin 4 	TRI 7451	BAD	Japan					Winter		1964			IPK/Kilian		
WW-080	Triticum	aestivum	var. lutescens	Minhardi Min. 1505	TRI 0020	BAD	USA 					Winter		1966			IPK/Kilian		
WW-081	Triticum	aestivum	var. milturum		TRI 1414	BAD	China					Winter		1982			IPK/Kilian		
WW-082	Triticum	aestivum	var. milturum 	Crvena Zvezda 	TRI 9455	BAD	Yugoslavia					Winter		1969			IPK/Kilian		
WW-083	Triticum	aestivum	var. suberythrospermum 	Shirasay-Ibaragi 2 	TRI 7465	BAD	Japan					Winter		1964			IPK/Kilian		
WW-084	Triticum	aestivum	var. aestivum 	Bej-Szi 3 	TRI 8045	BAD	China					Winter		1966			IPK/Kilian		
WW-085	Triticum	aestivum	var. aestivum 	Egyptian 	TRI 4989	BAD	Egypt					Winter		1961			IPK/Kilian		
WW-086	Triticum	aestivum	var. aestivum 	Dawson Golden 	TRI 4728	BAD	United Kingdom					Winter		1957			IPK/Kilian		
WW-087	Triticum	aestivum	var. aestivum 	Karcagi 1042 	TRI 3707	BAD	Hungary					Winter		1955			IPK/Kilian		
WW-088	Triticum	aestivum	var. aestivum 	Mindenes 	TRI 3708	BAD	Hungary					Winter		1955			IPK/Kilian		
WW-089	Triticum	aestivum	var. aestivum 	Bánkúti 1201 	TRI 3711	BAD	Hungary					Winter		1955			IPK/Kilian		
WW-090	Triticum	aestivum	var. aestivum 	Odvos 116 	TRI 11128	BAD	Romania					Winter		1975			IPK/Kilian		
WW-091	Triticum	aestivum	var. aestivum 	Fulcaster 	TRI 4780	BAD	USA 					Winter		1957			IPK/Kilian		
WW-092	Triticum	aestivum	var. aestivum 	Saline 	TRI 7411	BAD	USA 					Winter		1964			IPK/Kilian		
WW-093	Triticum	aestivum	var. aestivum 	Red Hussar 	TRI 9	BAD	USA 					Winter		1945			IPK/Kilian		
WW-094	Triticum	aestivum	var. albidumcompactoides 	Sperlings Buhlendorfer 	TRI 5460	BAD	Germany					Winter		1957			IPK/Kilian		
WW-095	Triticum	aestivum	var. ferrugineum 	Li-Cho Nr. 3 	TRI 8098	BAD	China					Winter		1966			IPK/Kilian		
WW-096	Triticum	aestivum	var. ferrugineum 	Njemertsch Triumph Begrannter Roter  Verbesserter 	TRI 5053	BAD	Ukraine					Winter		1961			IPK/Kilian		
WW-097	Triticum	aestivum	var. lutescens 	Newsar 	TRI 9828	BAD	USA 					Winter		1971			IPK/Kilian		
WW-098	Triticum	aestivum	var. aestivum 	Riebesel St. 47-51 	TRI 8018	BAD	Germany					Winter		1966			IPK/Kilian		
WW-099	Triticum	aestivum	var. aureum 	Falco 	TRI 7416	BAD	Germany					Winter		1964			IPK/Kilian		
WW-100	Triticum	aestivum	var. lutescens 	Carstens VIII 	TRI 7745	BAD	Germany					Winter		1965			IPK/Kilian		
WW-101	Triticum	aestivum	var. lutescens 	Fema 	TRI 7746	BAD	Germany					Winter		1965			IPK/Kilian		
WW-102	Triticum	aestivum	var. lutescens 	Caprimus 	TRI 9470	BAD	Germany					Winter		1969			IPK/Kilian		
WW-103	Triticum	aestivum	var. lutescens 	Mado 	TRI 5248	BAD	The Netherlands					Winter		1961			IPK/Kilian		
WW-104	Triticum	aestivum	var. lutescens 		TRI 11693	BAD	Pakistan					Winter		1977			IPK/Kilian		
WW-105	Triticum	aestivum	var. lutescens 	Virtue 	TRI 12938	BAD						Winter		1980			IPK/Kilian		
WW-106	Triticum	aestivum	var. lutescenscompactoides 	Draegers Dickkopf 	TRI 257	BAD	Germany					Winter		1946			IPK/Kilian		
WW-107	Triticum	aestivum	var. lutescens	Landweizen aus Neuhausen	TRI_319	BAD	Germany					Winter					IPK/Kilian		
WW-108	Triticum	aestivum	var. lutescens	Smogger	TRI 1008	BAD	USA 					Winter					IPK/Kilian		
WW-109	Triticum	aestivum	var. subhostianuminflatum 		TRI 11658	BAD	Pakistan					Winter		1977			IPK/Kilian		
WW-110	Triticum	aestivum	var. wittmackianum 		TRI 4608	BAD	Sweden					Winter		1955			IPK/Kilian		
WW-111	Triticum	aestivum	var. aureum 		TRI 10327	BAD	Albania					Winter		1973			IPK/Kilian		
WW-112	Triticum	aestivum	var. aureum 		TRI 14906	BAD	Poland					Winter		1985			IPK/Kilian		
WW-113	Triticum	aestivum	var. aureum 	Jacob Cats 	TRI 9966	BAD	South Africa					Winter		1972			IPK/Kilian		
WW-114	Triticum	aestivum	var. hostianum 	Griechischer Weizen 	TRI 1764	BAD	Greece					Winter		1947			IPK/Kilian		
WW-115	Triticum	aestivum	var. lutescens 	Shireffs Dickkopf 	TRI 17984	BAD	Germany					Winter		1997			IPK/Kilian		
WW-116	Triticum	aestivum	var. lutescens 	Landweizen aus Heimtal 	TRI 322	BAD	Germany					Winter		1946			IPK/Kilian		
WW-117	Triticum	aestivum	var. lutescens 	Hercuter White 	TRI 4814	BAD	Germany					Winter		1957			IPK/Kilian		
WW-118	Triticum	aestivum	var. lutescens 	Wietfelds Flettmarer Land Heidefürst 	TRI 5123	BAD	Germany					Winter		1961			IPK/Kilian		
WW-119	Triticum	aestivum	var. lutescens 	Klimatinskaja 	TRI 9968	BAD	former Soviet Union					Winter		1972			IPK/Kilian		
WW-120	Triticum	aestivum	var. lutescens 	Landweizen aus Voehma II 	TRI 329	BAD	Sweden					Winter		1946			IPK/Kilian		
WW-121	Triticum	aestivum	var. milturum 	Landweizen aus Heimtal 	TRI 320	BAD	Germany					Winter		1946			IPK/Kilian		
WW-122	Triticum	aestivum	var. milturum 	Haidenburger Landweizen 	TRI 4800	BAD	Germany					Winter		1957			IPK/Kilian		
WW-123	Triticum	aestivum	var. milturum 	Kursas 	TRI 5189	BAD	Latvia					Winter		1960			IPK/Kilian		
WW-124	Triticum	aestivum	var. milturum 		TRI 98	BAD	Sweden					Winter		1946			IPK/Kilian		
WW-125	Triticum	aestivum	var. lutescens	Campeador	TRI 7560	BAD	Spain					Winter				GENDIV	IPK/Kilian		
WW-126	Triticum	aestivum	var. ferrugineum		TRI 1640	BAD	Albania					Winter				GENDIV	IPK/Kilian		
WW-127	Triticum	aestivum	var. aestivum		TRI 1763	BAD	Albania					Winter				GENDIV	IPK/Kilian		
WW-128	Triticum	aestivum	var. aestivum		TRI 0593	BAD	Greece					Winter				GENDIV	IPK/Kilian		
WW-129	Triticum	aestivum	var. erythroleucon		TRI 2309	BAD	Greece					Winter				GENDIV	IPK/Kilian		
WW-130	Triticum	aestivum	var. aestivum		TRI 10807	BAD	Greece					Winter				GENDIV	IPK/Kilian		
WW-131	Triticum	aestivum	var. milturum	Villa Glori	TRI 5400	BAD	Italy					Winter				GENDIV	IPK/Kilian		
WW-132	Triticum	aestivum	var. milturum	Novaro	TRI 7374	BAD	Italy					Winter				GENDIV	IPK/Kilian		
WW-133	Triticum	aestivum	var. alborubrum	Anna Migliori	TRI 7720	BAD	Italy					Winter				GENDIV	IPK/Kilian		
WW-134	Triticum	aestivum	var. lutescens	Madif 20	TRI 8476	BAD	Italy					Winter				GENDIV	IPK/Kilian		
WW-135	Triticum	aestivum	var. ferrugineum	Colorben 4	TRI 9375	BAD	Italy					Winter				GENDIV	IPK/Kilian		
WW-136	Triticum	aestivum	var. lutescens	Marzotto	TRI 9400	BAD	Italy					Winter				GENDIV	IPK/Kilian		
WW-137	Triticum	aestivum	var. milturum	San Prospero	TRI 9410	BAD	Italy					Winter				GENDIV	IPK/Kilian		
WW-138	Triticum	aestivum	var. aestivum		TRI 10852	BAD	Nepal					Winter				GENDIV	IPK/Kilian		
WW-139	Triticum	aestivum	var. heraticum		TRI 10862	BAD	Nepal					Winter				GENDIV	IPK/Kilian		
WW-140	Triticum	aestivum	var. subpseudohostianum		TRI 10886	BAD	Nepal					Winter				GENDIV	IPK/Kilian		
WW-141	Triticum	aestivum	var. suberythrospermum		TRI 10887	BAD	Nepal					Winter				GENDIV	IPK/Kilian		
WW-142	Triticum	aestivum	var. villosum		TRI 10959	BAD	Nepal					Winter				GENDIV	IPK/Kilian		
WW-143	Triticum	aestivum	var. lutescens	Mackoviko vahladka	TRI 0159	BAD	Poland					Winter				GENDIV	IPK/Kilian		
WW-144	Triticum	aestivum	var. ferrugineum	Kujawischer Weizen	TRI 1416	BAD	Poland					Winter				GENDIV	IPK/Kilian		
WW-145	Triticum	aestivum	var. milturum	Zdzislawka	TRI 6830	BAD	Poland					Winter				GENDIV	IPK/Kilian		
WW-146	Triticum	aestivum	var. suberythrospermum		TRI 3338	BAD	India					Winter				GENDIV	IPK/Kilian		
WW-147	Triticum	aestivum	var. aestivum		TRI 12409	BAD	India					Winter				GENDIV	IPK/Kilian		
WW-148	Triticum	aestivum		Bussard		BAD	Germany						cultivar	1990			Marion Röder		
WW-149	Triticum	aestivum		Flair		BAD	Germany						cultivar	1996			Marion Röder		
WW-150	Triticum	aestivum		Ritmo		BAD	Germany						cultivar	1993			Marion Röder		
WW-151	Triticum	aestivum		Brando		BAD	France						cultivar	2000			Marion Röder		
WW-152	Triticum	aestivum		Recital		BAD	France						cultivar	1986			Marion Röder		
WW-153	Triticum	aestivum		Contur		BAD	Denmark?						cultivar				Marion Röder		
WW-154	Triticum	aestivum		Apache		BAD	France						cultivar	1999			Marion Röder		
WW-155	Triticum	aestivum		Monty		BAD	United Kingdom ?						cultivar				Marion Röder		
WW-156	Triticum	aestivum		Timber		BAD	United Kingdom						cultivar	2007			Marion Röder		
WW-157	Triticum	aestivum		Renan		BAD	France						cultivar	1989			Marion Röder		
WW-158	Triticum	aestivum		Sperber		BAD	Germany						cultivar	1982			Marion Röder		
WW-159	Triticum	aestivum		Victo		BAD	unknown						cultivar				Marion Röder		
WW-160	Triticum	aestivum		JB Asano		BAD	Germany						cultivar	2008			Marion Röder		
WW-161	Triticum	aestivum		Interet		BAD	France						cultivar	2007			Marion Röder		
WW-162	Triticum	aestivum		Sogood		BAD	France						cultivar	2006			Marion Röder		
WW-163	Triticum	aestivum		Frument		BAD	Denmark						cultivar	2006			Marion Röder		
WW-164	Triticum	aestivum		Rosario 		BAD	France						cultivar	2004			Marion Röder		
WW-165	Triticum	aestivum		Hereford		BAD	Denmark?						cultivar				Marion Röder		
WW-166	Triticum	aestivum		Mulan		BAD	Germany						cultivar	2006			Marion Röder		
WW-167	Triticum	aestivum		Ephoros		BAD	France						cultivar	2004			Marion Röder		
WW-168	Triticum	aestivum		Mikon		BAD	Germany						cultivar	1988			Marion Röder		
WW-169	Triticum	aestivum		Inspiration		BAD	Germany						cultivar	2007			Marion Röder		
WW-170	Triticum	aestivum		Opata		BAD							cultivar			Parent ITMI population (Mexican spring wheat variety)	Marion Röder		
WW-171	Triticum	aestivum		M6		BAD							cultivar			Parent ITMI population (synthetic wheat)	Marion Röder		
WW-172	Triticum	aestivum		Yuval		BAD	Israel										Saranga/Fahima		
WW-173	Triticum	aestivum		Zahir		BAD	Israel										Saranga/Fahima		
WW-174	Triticum	aestivum		Bar Nir		BAD	Israel										Saranga/Fahima		
WW-175	Triticum	aestivum		Gedera		BAD	Israel										Saranga/Fahima		
WW-176	Triticum	aestivum		Ruta		BAD	Israel										Saranga/Fahima		
WW-177	Triticum	aestivum		Galil		BAD	Israel										Saranga/Fahima		
WW-183	Triticum	aestivum		Turkmen-98		BAD	Turkey					Winter	Current variety	1998			Hakan Özkan		TAGEM
WW-184	Triticum	aestivum		Özkan		BAD	Turkey					Alternative	Current variety	30/03/2010			Hakan Özkan		Cukurova Uni.
WW-185	Triticum	aestivum		Balattila		BAD	Turkey					Alternative	Current variety	28/04/2000			Hakan Özkan		Cukurova Uni.
WW-186	Triticum	aestivum		Genç-99		BAD	Turkey					Alternative	Current variety	26/04/1999			Hakan Özkan		Cukurova Uni.
WW-187	Triticum	aestivum	var. subsardoum		TRI_3342	BAD	China					Winter				GENDIV	Kilian		
WW-188	Triticum	aestivum	var. ferrugineum		TRI 7843	BAD	Bulgaria					Winter				GENDIV	Kilian		
WW-189	Triticum	aestivum	var. aestivum	Nr. 301	TRI 7719	BAD	Bulgaria					Winter				GENDIV	Kilian		
WW-190	Triticum	aestivum		Pehlivan		BAD	Turkey					Winter	Current variety	15/05/1998			Hakan Özkan		TAGEM
WW-191	Triticum	aestivum		Tosunbey		BAD	Turkey					Winter	Current variety	01/04/2004			Hakan Özkan		TAGEM
WW-192	Triticum	aestivum		Sertak-52		BAD	Turkey					Winter	Old variety	1936			Hakan Özkan		-
WW-193	Triticum	aestivum	var. aestivum	Karnobater Frühreifer	TRI 3702	BAD	Bulgaria					Winter				GENDIV	Kilian		
WW-194	Triticum	aestivum		Cumhuriyet-75		BAD	Turkey					Alternative	Old variety	13/05/1976			Hakan Özkan		TAGEM
WW-195	Triticum	aestivum		Sivas 111/33		BAD	Turkey					Winter	Old variety	1937			Hakan Özkan		-
WW-196	Triticum	aestivum		Akçabuğday		BAD	Turkey					Alternative	Landrace				Hakan Özkan		-
WW-197	Triticum	aestivum	var. erythroleucon		TRI 6388	BAD	Iran					Winter				GENDIV	Kilian		
WW-199	Triticum	aestivum	var. meridionale		TRI 6471	BAD	Iran					Winter				GENDIV	Kilian		
WW-206	Triticum	aestivum	var. erythroleucon		TRI 6669	BAD	Iran					Winter				GENDIV	Kilian		
WW-207	Triticum	aestivum		H996	AUS10963	BAD	Afghanistan					spring	Landrace				Beat Keller	AWCC	
WW-208	Triticum	aestivum		H995	AUS13636	BAD	Afghanistan					spring	Landrace				Beat Keller	AWCC	
WW-209	Triticum	aestivum		H1001	AUS14442	BAD	Afghanistan					spring	Landrace				Beat Keller	AWCC	
WW-210	Triticum	aestivum			VIR16772	BAD	Azerbaijan					spring	Landrace				Beat Keller	VIR	
WW-211	Triticum	aestivum		Karmraat	VIR23608	BAD	Armenia						Landrace				Beat Keller	VIR	
WW-212	Triticum	aestivum			VIR23728	BAD	Turkmenia						Landrace				Beat Keller	VIR	
WW-213	Triticum	aestivum			VIR23922	BAD	Russia					Winter	Landrace				Beat Keller	VIR	
WW-214	Triticum	aestivum			VIR31594	BAD	Azerbaijan					Spring	Landrace				Beat Keller	VIR	
WW-215	Triticum	aestivum		Pashmak	VIR33366	BAD	Pakistan					Spring	Landrace				Beat Keller	VIR	
WW-216	Triticum	aestivum			VIR35030	BAD	Russia					Winter	Landrace				Beat Keller	VIR	
WW-217	Triticum	aestivum			VIR35539	BAD	Turkmenia						Landrace				Beat Keller	VIR	
WW-218	Triticum	aestivum			41606	BAD	Pakistan	Baluchistan	1550	N29 57	E66 43, 	spring	Landrace				Beat Keller	ICARDA	
WW-219	Triticum	aestivum			42255	BAD	Turkey	Van	2250	N 38 09	E44 00	spring	Landrace				Beat Keller	ICARDA	
WW-220	Triticum	aestivum			42416	BAD	Turkey	Erzurum	1700	N 40 18	E41 33	spring	Landrace				Beat Keller	ICARDA	
WW-221	Triticum	aestivum			42868	BAD	Turkey	Erzurum	1925	N 40 02 49	E 041 02		Landrace				Beat Keller	ICARDA	
WW-222	Triticum	aestivum			VIR46301	BAD	Azerbaijan					Winter	Landrace				Beat Keller	VIR	
WW-223	Triticum	aestivum			122348	BAD	Iran	Khorasan		N 36 16	E59 34	spring	Landrace				Beat Keller	ICARDA	
WW-224	Triticum	aestivum			122491	BAD	Iran	Khorasan		N 36 16	E59 34	spring	Landrace				Beat Keller	ICARDA	
WW-225	Triticum	aestivum			122619	BAD	Iran	Kerman		N 30 18	E57 05	spring	Landrace				Beat Keller	ICARDA	
WW-226	Triticum	aestivum			126331	BAD	Armenia	Vanadzor	1580	N 39 46 45	E45 23 26	spring	Landrace				Beat Keller	ICARDA	
WW-227	Triticum	aestivum	hadropyrum (Flaksb.)Tzvel.		TR 183	BAD	Spain	Mallorca					landrace			wheat wild relatives and neglected	Kilian		
WW-228	Triticum	aestivum	hadropyrum (Flaksb.)Tzvel.		PI 654265	BAD	Tajikistan	Khujand					landrace			wheat wild relatives and neglected	Kilian		
WW-240	Triticum	spelta L.	subsp. spelta		TR 177	BAD	Spain	Spain					landrace			wheat wild relatives and neglected	Kilian		
WW-270	Triticum	spelta L.			CGN08304	BAD	Iran	Tabriz Mountains, Shipli								wheat wild relatives and neglected	Kilian		
WW-271	Triticum	spelta L.	 subsp. spelta		PI 355626	BAD	Germany	Bavaria								wheat wild relatives and neglected	Kilian		
WW-275	Triticum	aestivum	var. ferrugineum		TRI 7818	BAD	Bulgaria									GENDIV	Kilian		
WW-276	Triticum	aestivum		ALTIGO	29843	BAD	France					Winter	Current variety	2006			Balfourier		
WW-277	Triticum	aestivum		AREZZO	32759	BAD	France					Winter	Current variety	2007			Balfourier		
WW-278	Triticum	aestivum		BAROK	32101	BAD	France					Winter	Current variety	2008			Balfourier		
WW-279	Triticum	aestivum		PREMIO	29855	BAD	France					Winter	Current variety	2006			Balfourier		
WW-280	Triticum	aestivum		11IWSWSN14	92	BAD	USA					Winter	breeding line			NAM INRA	Balfourier		
WW-281	Triticum	aestivum		3716-1	421	BAD	Bulgaria					Winter	breeding line			NAM INRA	Balfourier		
WW-282	Triticum	aestivum		CH62022	537	BAD	Switzerland					Winter	breeding line			NAM INRA	Balfourier		
WW-283	Triticum	aestivum		AFRICA MAYO	800	BAD	Kenia					Spring	cultivar	1960		NAM INRA	Balfourier		
WW-284	Triticum	aestivum		ANDES 56	912	BAD	Colombia					Spring	old cultivar	1956		NAM INRA	Balfourier		
WW-285	Triticum	aestivum		ARAWA	957	BAD	New Zealand					Spring	old cultivar	1955		NAM INRA	Balfourier		
WW-286	Triticum	aestivum		Arkas	1005	BAD	Germany					Spring	cultivar	1976		NAM INRA	Balfourier		
WW-287	Triticum	aestivum		ATUT II	1080	BAD	Austria					Winter	cultivar	1974		NAM INRA	Balfourier		
WW-288	Triticum	aestivum		BT2277-TUN	1643	BAD	Tunesia					Spring	breeding line			NAM INRA	Balfourier		
WW-289	Triticum	aestivum		BUCKBUCK'S'	1676	BAD	Mexico					Spring	breeding line	1980		NAM INRA	Balfourier		
WW-290	Triticum	aestivum		114/62	1747	BAD	Austria					Winter	breeding line			NAM INRA	Balfourier		
WW-291	Triticum	aestivum		CH73052	2025	BAD	Switzerland					Winter	breeding line			NAM INRA	Balfourier		
WW-292	Triticum	aestivum		DAERAAD	2411	BAD	South Africa					Spring	old cultivar	1951		NAM INRA	Balfourier		
WW-293	Triticum	aestivum		DI6402-34-2-4	2489	BAD	France					Winter	breeding line			NAM INRA	Balfourier		
WW-294	Triticum	aestivum		EMU'S'	2759	BAD	Mexico					Spring	breeding line	1979		NAM INRA	Balfourier		
WW-295	Triticum	aestivum		GLENLEA-CAN	3358	BAD	Canada					Spring	cultivar	1972		NAM INRA	Balfourier		
WW-296	Triticum	aestivum		HIVERNAL	3617	BAD	France					Winter	cultivar	1962		NAM INRA	Balfourier		
WW-297	Triticum	aestivum		K1898-9/L200-6	3991	BAD	Bulgaria					Winter	breeding line			NAM INRA	Balfourier		
WW-298	Triticum	aestivum		MINTURK	4838	BAD	USA					Winter	old cultivar	1919		NAM INRA	Balfourier		
WW-299	Triticum	aestivum		N46	5088	BAD	Israel					Spring	breeding line	1967		NAM INRA	Balfourier		
WW-300	Triticum	aestivum		NYU BAY	5399	BAD	Japan					Spring	cultivar	1985		NAM INRA	Balfourier		
WW-301	Triticum	aestivum		Pitic 62	5748	BAD	Mexico					Spring	cultivar	1962		NAM INRA	Balfourier		
WW-302	Triticum	aestivum		ZANDA	8058	BAD	Belgium					Winter	old cultivar	1939		NAM INRA	Balfourier		
WW-303	Triticum	aestivum		Coronation	8073	BAD	Canada					Winter	old cultivar	1938		NAM INRA	Balfourier		
WW-304	Triticum	aestivum		NAVARRO150	8165	BAD	Spain					Winter	cultivar			NAM INRA	Balfourier		
WW-305	Triticum	aestivum		CONCURRENT	13292	BAD	France					Winter	old cultivar	1905		NAM INRA	Balfourier		
WW-306	Triticum	aestivum		ORFIELD	13500	BAD	France					Winter	cultivar	1997		NAM INRA	Balfourier		
WW-307	Triticum	aestivum		Mirleben	20074	BAD	Ukraine					Winter	cultivar	1993		NAM INRA	Balfourier		
WW-308	Triticum	aestivum		Tau-bugda	24089	BAD	Russia					Winter	old cultivar	1955		NAM INRA	Balfourier		
WW-309	Triticum	aestivum		Yumai 34	32925	BAD	China					Winter	 cultivar			NAM INRA	Balfourier		
WW-310	Triticum	aestivum		CH01193	19	BAD	Switzerland					Winter	breeding line			INRA wheat Core Collection	Balfourier		
WW-311	Triticum	aestivum		2838-39	347	BAD	Bulgaria					Spring	breeding line			INRA wheat Core Collection	Balfourier		
WW-312	Triticum	aestivum		line06/01/2003	514	BAD	Egypt					Winter	breeding line			INRA wheat Core Collection	Balfourier		
WW-313	Triticum	aestivum		line60293	524	BAD	The Netherlands					Winter	breeding line			INRA wheat Core Collection	Balfourier		
WW-314	Triticum	aestivum		664-258-18	546	BAD	Bulgaria					Spring	breeding line			INRA wheat Core Collection	Balfourier		
WW-315	Triticum	aestivum		A4	748	BAD	Afghanistan					Spring	breeding line			INRA wheat Core Collection	Balfourier		
WW-316	Triticum	aestivum		ADMONTER	794	BAD	Austria					Winter	old cultivar	1953		INRA wheat Core Collection	Balfourier		
WW-317	Triticum	aestivum		Adular	797	BAD	Germany					Winter	cultivar	1986		INRA wheat Core Collection	Balfourier		
WW-318	Triticum	aestivum		AIFENG NO4	822	BAD	China					Winter	cultivar	1971		INRA wheat Core Collection	Balfourier		
WW-319	Triticum	aestivum		AMIFORT	901	BAD	France					Spring	cultivar	1991		INRA wheat Core Collection	Balfourier		
WW-320	Triticum	aestivum		APEX	933	BAD	United Kingdom					Facultative	cultivar	1972		INRA wheat Core Collection	Balfourier		
WW-321	Triticum	aestivum		ARCHE	964	BAD	France					Spring	cultivar	1989		INRA wheat Core Collection	Balfourier		
WW-322	Triticum	aestivum		ARGENT	983	BAD	United Kingdom					Winter	cultivar	1979		INRA wheat Core Collection	Balfourier		
WW-323	Triticum	aestivum		ARTOIS-DESPREZ	1044	BAD	France					Spring	old cultivar	1957		INRA wheat Core Collection	Balfourier		
WW-324	Triticum	aestivum		AUSTRO_BANKUT	1113	BAD	Austria					Spring	old cultivar	1919		INRA wheat Core Collection	Balfourier		
WW-325	Triticum	aestivum		BAHATANE 87 	1177	BAD	Algeria					Winter	old cultivar	1924		INRA wheat Core Collection	Balfourier		
WW-326	Triticum	aestivum		BAIONETTE I	1182	BAD	Italy					Winter	cultivar			INRA wheat Core Collection	Balfourier		
WW-327	Triticum	aestivum		Balkan	1192	BAD	Yugoslavia					Spring	cultivar	1979		INRA wheat Core Collection	Balfourier		
WW-328	Triticum	aestivum		BARBU DU FINISTERE	1232	BAD	France					Winter	landrace			INRA wheat Core Collection	Balfourier		
WW-329	Triticum	aestivum		BEL ET BON	1281	BAD	France					Winter	old cultivar			INRA wheat Core Collection	Balfourier		
WW-330	Triticum	aestivum		BELLIEI 590	1288	BAD	Hungary					Winter	old cultivar			INRA wheat Core Collection	Balfourier		
WW-331	Triticum	aestivum		BERZATACA	1332	BAD	Finland					Winter	cultivar			INRA wheat Core Collection	Balfourier		
WW-332	Triticum	aestivum		BIRGITTA	1357	BAD	Sweden					Winter	cultivar	1960		INRA wheat Core Collection	Balfourier		
WW-333	Triticum	aestivum		BLANC PRECOCE	1400	BAD	Switzerland					Winter	old cultivar	1930		INRA wheat Core Collection	Balfourier		
WW-334	Triticum	aestivum		BLONDYNKA	1529	BAD	Poland					Winter	old cultivar	1920		INRA wheat Core Collection	Balfourier		
WW-335	Triticum	aestivum		Blueboy	1531	BAD	USA					Spring	cultivar	1964		INRA wheat Core Collection	Balfourier		
WW-336	Triticum	aestivum		BT2281	1647	BAD	Tunesia					Spring	breeding line			INRA wheat Core Collection	Balfourier		
WW-337	Triticum	aestivum		BT2296	1655	BAD	Tunesia					Winter	breeding line	1972		INRA wheat Core Collection	Balfourier		
WW-338	Triticum	aestivum		CANDEAL DE AREVALO	1768	BAD	Spain					Winter	landrace			INRA wheat Core Collection	Balfourier		
WW-339	Triticum	aestivum		CENAD 512	1885	BAD	Romania					Winter	breeding line	1958		INRA wheat Core Collection	Balfourier		
WW-340	Triticum	aestivum		CEREALOR	1899	BAD	France					Spring	cultivar	1964		INRA wheat Core Collection	Balfourier		
WW-341	Triticum	aestivum		COPPADRA	2330	BAD	Turkey					Winter	cultivar			INRA wheat Core Collection	Balfourier		
WW-342	Triticum	aestivum		CORIN	2337	BAD	United Kingdom					Spring	cultivar	1976		INRA wheat Core Collection	Balfourier		
WW-343	Triticum	aestivum		COTIPORA	2353	BAD	Brazil					Spring	cultivar	1965		INRA wheat Core Collection	Balfourier		
WW-344	Triticum	aestivum		COURTOT	2358	BAD	France					Winter	cultivar	1974		INRA wheat Core Collection	Balfourier		
WW-345	Triticum	aestivum		D130-63	2399	BAD	Poland					Winter	breeding line			INRA wheat Core Collection	Balfourier		
WW-346	Triticum	aestivum		Danubia	2424	BAD	Czechia					Spring	cultivar	1984		INRA wheat Core Collection	Balfourier		
WW-347	Triticum	aestivum		DETENICKA CERVENA	2475	BAD	Czechia					Winter	old cultivar	1937		INRA wheat Core Collection	Balfourier		
WW-348	Triticum	aestivum		DIANA	2573	BAD	Poland					Winter	cultivar	1966		INRA wheat Core Collection	Balfourier		
WW-349	Triticum	aestivum		DIANA II	2574	BAD	Czechia					Winter	cultivar	1967		INRA wheat Core Collection	Balfourier		
WW-350	Triticum	aestivum		DNEPROVSKAIA	2606	BAD	Ukraine					Winter	breeding line			INRA wheat Core Collection	Balfourier		
WW-351	Triticum	aestivum		DRAGON	2644	BAD	France					Winter	cultivar	1967		INRA wheat Core Collection	Balfourier		
WW-352	Triticum	aestivum		DRAVA	2650	BAD	Croatia					Winter	cultivar	1980		INRA wheat Core Collection	Balfourier		
WW-353	Triticum	aestivum		EBRO  	2698	BAD	Spain					Spring	cultivar	1966		INRA wheat Core Collection	Balfourier		
WW-354	Triticum	aestivum		ESTANZUELA DORADO	2810	BAD	Uruguay					Winter	cultivar	1981		INRA wheat Core Collection	Balfourier		
WW-355	Triticum	aestivum		FERRUGINEUM	2991	BAD	Russia					Winter	old cultivar			INRA wheat Core Collection	Balfourier		
WW-356	Triticum	aestivum		FLAMURA 85	3050	BAD	Romania					Winter	cultivar	1989		INRA wheat Core Collection	Balfourier		
WW-357	Triticum	aestivum		FLINT	3070	BAD	USA					Spring	landrace	1830		INRA wheat Core Collection	Balfourier		
WW-358	Triticum	aestivum		FUKUHOKOMUGI	3176	BAD	Japan					Spring	cultivar	1979		INRA wheat Core Collection	Balfourier		
WW-359	Triticum	aestivum		G66257	3213	BAD	Greece					Spring	breeding line			INRA wheat Core Collection	Balfourier		
WW-360	Triticum	aestivum		G72300	3220	BAD	Greece					Spring	breeding line			INRA wheat Core Collection	Balfourier		
WW-361	Triticum	aestivum		GAMMENYA	3256	BAD	Australia					Winter	old cultivar	1958		INRA wheat Core Collection	Balfourier		
WW-362	Triticum	aestivum		GK SZOKE	3342	BAD	Hungary					Winter	cultivar	1985		INRA wheat Core Collection	Balfourier		
WW-363	Triticum	aestivum		GODOLLOI 15	3366	BAD	Hungary					Spring	old cultivar	1957		INRA wheat Core Collection	Balfourier		
WW-364	Triticum	aestivum		Granarolo	3402	BAD	Italy					Winter	cultivar	1973		INRA wheat Core Collection	Balfourier		
WW-365	Triticum	aestivum		GRANIT	3406	BAD	Russia					Spring	cultivar	1978		INRA wheat Core Collection	Balfourier		
WW-366	Triticum	aestivum		GULAR	3442	BAD	Australia					Spring	old cultivar	1927		INRA wheat Core Collection	Balfourier		
WW-367	Triticum	aestivum		H742A	3463	BAD	Israel					Spring	breeding line	1974		INRA wheat Core Collection	Balfourier		
WW-368	Triticum	aestivum		H93-70	3485	BAD	Spain					Spring	breeding line			INRA wheat Core Collection	Balfourier		
WW-369	Triticum	aestivum		HYBRIDE 56 VILMORIN	3696	BAD	France					Spring	old cultivar	1956		INRA wheat Core Collection	Balfourier		
WW-370	Triticum	aestivum		IAR W83-2	3752	BAD	Ethiopia					Winter	breeding line			INRA wheat Core Collection	Balfourier		
WW-371	Triticum	aestivum		IAS 1	3753	BAD	Brazil					Winter	old cultivar	1955		INRA wheat Core Collection	Balfourier		
WW-372	Triticum	aestivum		ICARDA079	3804	BAD	Syria					Winter	breeding line			INRA wheat Core Collection	Balfourier		
WW-373	Triticum	aestivum		JASZsAgI TF	3912	BAD	Hungary					Spring	cultivar	1973		INRA wheat Core Collection	Balfourier		
WW-374	Triticum	aestivum		JO3045	3942	BAD	Finland					Facultative	breeding line	1971		INRA wheat Core Collection	Balfourier		
WW-375	Triticum	aestivum		JUFY II	3970	BAD	Belgium					Spring	old cultivar	1954		INRA wheat Core Collection	Balfourier		
WW-376	Triticum	aestivum		KENYA 350	4067	BAD	Kenia					Spring	old cultivar	1951		INRA wheat Core Collection	Balfourier		
WW-377	Triticum	aestivum		KIRAC 66	4111	BAD	Turkey					Spring	cultivar	1970		INRA wheat Core Collection	Balfourier		
WW-378	Triticum	aestivum		KOLBEN 3	4157	BAD	Sweden					Winter	old cultivar	1929		INRA wheat Core Collection	Balfourier		
WW-379	Triticum	aestivum		KRAKA	4187	BAD	Denmark					Winter	cultivar	1981		INRA wheat Core Collection	Balfourier		
WW-380	Triticum	aestivum		Lammas	24210	BAD	United Kingdom					Winter	old cultivar	1850		INRA wheat Core Collection	Balfourier		
WW-381	Triticum	aestivum		LESZYNSKA WCZESNA	4300	BAD	Poland					Spring	landrace	1937		INRA wheat Core Collection	Balfourier		
WW-382	Triticum	aestivum		LONTOI	4343	BAD	Finland					Spring	cultivar	1971		INRA wheat Core Collection	Balfourier		
WW-383	Triticum	aestivum		M45/66	4477	BAD	Argentina					Spring	breeding line			INRA wheat Core Collection	Balfourier		
WW-384	Triticum	aestivum		M708//G25/N163	4482	BAD	Israel					Winter	breeding line			INRA wheat Core Collection	Balfourier		
WW-385	Triticum	aestivum		Malgorzatka Udycka	4525	BAD	Poland					Spring	old cultivar	1958		INRA wheat Core Collection	Balfourier		
WW-386	Triticum	aestivum		MARS DE SUEDE ROUGE BARBU	4645	BAD	Sweden					Winter	landrace	1922		INRA wheat Core Collection	Balfourier		
WW-387	Triticum	aestivum		MASTER	4664	BAD	United Kingdom					Winter	cultivar	1983		INRA wheat Core Collection	Balfourier		
WW-388	Triticum	aestivum		MATRADERECSKEITF	4670	BAD	Hungary					Winter	cultivar	1973		INRA wheat Core Collection	Balfourier		
WW-389	Triticum	aestivum		MEDRA/AURORA//HOHENTURM/DINA	4698	BAD	Poland					Spring	breeding line			INRA wheat Core Collection	Balfourier		
WW-390	Triticum	aestivum		MEIRA	4702	BAD	Spain					Spring	old cultivar			INRA wheat Core Collection	Balfourier		
WW-391	Triticum	aestivum		MELCHIOR	4706	BAD	The Netherlands					Winter	cultivar	1974		INRA wheat Core Collection	Balfourier		
WW-392	Triticum	aestivum		MICHE	4796	BAD	France					Spring	old cultivar	1954		INRA wheat Core Collection	Balfourier		
WW-393	Triticum	aestivum		MISKAAGANI	4874	BAD	Lebanon					Spring	cultivar			INRA wheat Core Collection	Balfourier		
WW-394	Triticum	aestivum		MOCHO DE ESPIGA BRANCA	4901	BAD	Portugal					Winter	landrace	1928		INRA wheat Core Collection	Balfourier		
WW-395	Triticum	aestivum		MV MA	4991	BAD	Hungary					Winter	breeding line	not registered		INRA wheat Core Collection	Balfourier		
WW-396	Triticum	aestivum		N67M2	5096	BAD	Israel					Winter	breeding line			INRA wheat Core Collection	Balfourier		
WW-397	Triticum	aestivum		NACHIPUNDO	5108	BAD	Nepal					Winter	old cultivar			INRA wheat Core Collection	Balfourier		
WW-398	Triticum	aestivum		NONG DA NO141	5219	BAD	China					Winter	cultivar	1982		INRA wheat Core Collection	Balfourier		
WW-399	Triticum	aestivum		NZ(81)P43	5401	BAD	New Zealand					Spring	breeding line	1981		INRA wheat Core Collection	Balfourier		
WW-400	Triticum	aestivum		ODESSA EXP.STA.17413	5415	BAD	Syria					Spring	breeding line			INRA wheat Core Collection	Balfourier		
WW-401	Triticum	aestivum		ODESSA EXPSTA20722	5421	BAD	Portugal					Spring	breeding line			INRA wheat Core Collection	Balfourier		
WW-402	Triticum	aestivum		ODESSA EXPSTA21821	5425	BAD	Portugal					Winter	breeding line			INRA wheat Core Collection	Balfourier		
WW-403	Triticum	aestivum		ODESSKAIA 16	5438	BAD	Ukraine					Winter	old cultivar	1953		INRA wheat Core Collection	Balfourier		
WW-404	Triticum	aestivum		OGOSTA	5448	BAD	Bulgaria					Spring	cultivar	1978		INRA wheat Core Collection	Balfourier		
WW-405	Triticum	aestivum		OPAL	5486	BAD	Germany					Winter	old cultivar	1959		INRA wheat Core Collection	Balfourier		
WW-406	Triticum	aestivum		Orlandi	5501	BAD	Italy					Winter	old cultivar	1947		INRA wheat Core Collection	Balfourier		
WW-407	Triticum	aestivum		OULIANOWSKA	5536	BAD	Russia					Winter	cultivar	1976		INRA wheat Core Collection	Balfourier		
WW-408	Triticum	aestivum		P. DE BROLLON	5552	BAD	Spain					Winter	landrace			INRA wheat Core Collection	Balfourier		
WW-409	Triticum	aestivum		P4523-80	5558	BAD	Austria					Spring	breeding line			INRA wheat Core Collection	Balfourier		
WW-410	Triticum	aestivum		PATO	5636	BAD	Argentina					Spring	cultivar	1968		INRA wheat Core Collection	Balfourier		
WW-411	Triticum	aestivum		PRECOCE	5816	BAD	Portugal					Spring	old cultivar	1955		INRA wheat Core Collection	Balfourier		
WW-412	Triticum	aestivum		PROMESSA	5897	BAD	The Netherlands					Winter	cultivar	1991		INRA wheat Core Collection	Balfourier		
WW-413	Triticum	aestivum		REDMAN	6047	BAD	Canada					Winter	old cultivar	1946		INRA wheat Core Collection	Balfourier		
WW-414	Triticum	aestivum		RITAK	6198	BAD	Nepal					Winter	old cultivar			INRA wheat Core Collection	Balfourier		
WW-415	Triticum	aestivum		ROUGE DE MARCHISSY	6318	BAD	Switzerland					Spring	landrace	1929		INRA wheat Core Collection	Balfourier		
WW-416	Triticum	aestivum		S975-A4-A1	6396	BAD	Zimbabwe					Winter	breeding line			INRA wheat Core Collection	Balfourier		
WW-417	Triticum	aestivum		SEU SEUN 27	6529	BAD	Korea					Winter	old cultivar	1936		INRA wheat Core Collection	Balfourier		
WW-418	Triticum	aestivum		SOANDRES LARACHA	6605	BAD	Spain					Winter	landrace			INRA wheat Core Collection	Balfourier		
WW-419	Triticum	aestivum		Strubes Dickkopf	6740	BAD	Germany					Spring	old cultivar	1880		INRA wheat Core Collection	Balfourier		
WW-420	Triticum	aestivum		TAFERSTAT	6843	BAD	Algeria					Spring	old cultivar			INRA wheat Core Collection	Balfourier		
WW-421	Triticum	aestivum		TAHTI	6846	BAD	Finland					Spring	old cultivar	1949		INRA wheat Core Collection	Balfourier		
WW-422	Triticum	aestivum		TREMESINO MEIRA	7040	BAD	Spain					Winter	landrace			INRA wheat Core Collection	Balfourier		
WW-423	Triticum	aestivum		TRIGO DE MONTE	7048	BAD	Spain					Winter	landrace			INRA wheat Core Collection	Balfourier		
WW-424	Triticum	aestivum		TURDA-81-77	7085	BAD	Romania					Winter	breeding line	1984		INRA wheat Core Collection	Balfourier		
WW-425	Triticum	aestivum		VAKKA	7276	BAD	Finland					Winter	old cultivar	1953		INRA wheat Core Collection	Balfourier		
WW-426	Triticum	aestivum		VALDOR	7279	BAD	France					Spring	old cultivar	1956		INRA wheat Core Collection	Balfourier		
WW-427	Triticum	aestivum		RONGOTEA	7848	BAD	New Zealand					Spring	cultivar	1979		INRA wheat Core Collection	Balfourier		
WW-428	Triticum	aestivum		KITCHENER	8079	BAD	Canada					Spring	old cultivar	1911		INRA wheat Core Collection	Balfourier		
WW-429	Triticum	aestivum		STANLEY	8097	BAD	Canada					Winter	old cultivar	1890		INRA wheat Core Collection	Balfourier		
WW-430	Triticum	aestivum		WS-13 CARDENO 34/45	8170	BAD	Spain					Winter	breeding line	1989		INRA wheat Core Collection	Balfourier		
WW-431	Triticum	aestivum		NEELKANT	8194	BAD	Syria					Winter	cultivar	1980		INRA wheat Core Collection	Balfourier		
WW-432	Triticum	aestivum		SANUNU	8197	BAD	Syria					Spring	cultivar			INRA wheat Core Collection	Balfourier		
WW-433	Triticum	aestivum		HOUMANA	8233	BAD	Niger					Winter	cultivar			INRA wheat Core Collection	Balfourier		
WW-434	Triticum	aestivum		CARIBO	8276	BAD	Germany					Spring	cultivar	1968		INRA wheat Core Collection	Balfourier		
WW-435	Triticum	aestivum		LIMPOPO	8513	BAD	Zimbabwe					Winter	cultivar	1981		INRA wheat Core Collection	Balfourier		
WW-436	Triticum	aestivum		Hopea	9048	BAD	Finland					Winter	old cultivar	1936		INRA wheat Core Collection	Balfourier		
WW-437	Triticum	aestivum		NON_PLUS_EXTRA	9077	BAD	Austria					Winter	old cultivar	1919		INRA wheat Core Collection	Balfourier		
WW-438	Triticum	aestivum		PRINCE LEOPOLD	9087	BAD	Belgium					Winter	old cultivar	1936		INRA wheat Core Collection	Balfourier		
WW-439	Triticum	aestivum		Solaris	13210	BAD	Czechia					Winter	cultivar	1976		INRA wheat Core Collection	Balfourier		
WW-440	Triticum	aestivum		FRUH-WEIZEN	13310	BAD	Germany					Spring	old cultivar			INRA wheat Core Collection	Balfourier		
WW-441	Triticum	aestivum		VOLT	13445	BAD	Hungary					Winter	cultivar	1994		INRA wheat Core Collection	Balfourier		
WW-442	Triticum	aestivum		ORNICAR	13471	BAD	France					Winter	cultivar	1998		INRA wheat Core Collection	Balfourier		
WW-443	Triticum	aestivum		TALDOR	13476	BAD	France					Spring	cultivar	1997		INRA wheat Core Collection	Balfourier		
WW-444	Triticum	aestivum		PAMUKALE	13799	BAD	Turkey					Spring	cultivar	1997		INRA wheat Core Collection	Balfourier		
WW-445	Triticum	aestivum		ZILVE	13800	BAD	Turkey					Spring	cultivar			INRA wheat Core Collection	Balfourier		
WW-446	Triticum	aestivum		AXONA	13978	BAD	The Netherlands					Winter	cultivar	1983		INRA wheat Core Collection	Balfourier		
WW-447	Triticum	aestivum		ROKYCANSKA_SAMETKA	14000	BAD	Czechia					Winter	landrace	1899		INRA wheat Core Collection	Balfourier		
WW-448	Triticum	aestivum		HANA	14011	BAD	Czechia					Winter	cultivar	1985		INRA wheat Core Collection	Balfourier		
WW-449	Triticum	aestivum		FANTASIYA-ODESSKAYA	20224	BAD	Ukraine					Winter	cultivar	1996		INRA wheat Core Collection	Balfourier		
WW-450	Triticum	aestivum		EQUINOX	20276	BAD	United Kingdom					Winter	cultivar	1995		INRA wheat Core Collection	Balfourier		
WW-451	Triticum	aestivum		HAMAC	20417	BAD	The Netherlands					Spring	cultivar	2001		INRA wheat Core Collection	Balfourier		
WW-452	Triticum	aestivum		Landrace	23891	BAD	Armenia					Spring	landrace	1925		INRA wheat Core Collection	Balfourier		
WW-453	Triticum	aestivum		Landrace	23896	BAD	Turkey					Spring	landrace	1926		INRA wheat Core Collection	Balfourier		
WW-454	Triticum	aestivum		Landrace	23902	BAD	Turkey					Spring	landrace	1926		INRA wheat Core Collection	Balfourier		
WW-455	Triticum	aestivum		Landrace	23909	BAD	Morocco					Winter	landrace	1926		INRA wheat Core Collection	Balfourier		
WW-456	Triticum	aestivum		Landrace	23923	BAD	Ethiopia					Spring	landrace	1927		INRA wheat Core Collection	Balfourier		
WW-457	Triticum	aestivum		Punjab Tipe 24	23933	BAD	India					Spring	landrace	1928		INRA wheat Core Collection	Balfourier		
WW-458	Triticum	aestivum		Punjab Tipe 15	23937	BAD	India					Spring	landrace	1928		INRA wheat Core Collection	Balfourier		
WW-459	Triticum	aestivum		Sarrubra	23950	BAD	Russia					Spring	landrace	1931		INRA wheat Core Collection	Balfourier		
WW-460	Triticum	aestivum		Landrace	23971	BAD	Tajikistan					Spring	landrace	1935		INRA wheat Core Collection	Balfourier		
WW-461	Triticum	aestivum		Landrace	23974	BAD	Tajikistan					Spring	landrace	1935		INRA wheat Core Collection	Balfourier		
WW-462	Triticum	aestivum		Landrace	23977	BAD	Georgia					Spring	landrace	1935		INRA wheat Core Collection	Balfourier		
WW-463	Triticum	aestivum		Soor Ghanum	23981	BAD	Pakistan					Spring	landrace	1936		INRA wheat Core Collection	Balfourier		
WW-464	Triticum	aestivum		Landrace	23995	BAD	Russia					Spring	landrace	1951		INRA wheat Core Collection	Balfourier		
WW-465	Triticum	aestivum		Dalnevostochnaya 10	24019	BAD	Russia					Winter	cultivar	1978		INRA wheat Core Collection	Balfourier		
WW-466	Triticum	aestivum		Stepnyachka	24054	BAD	Ukraine					Facultative	landrace	1928		INRA wheat Core Collection	Balfourier		
WW-467	Triticum	aestivum		Landrace	24056	BAD	Turkey					Winter	landrace	1928		INRA wheat Core Collection	Balfourier		
WW-468	Triticum	aestivum		Croisement 268	24066	BAD	Switzerland					Facultative	breeding line	1929		INRA wheat Core Collection	Balfourier		
WW-469	Triticum	aestivum		Spin121var12536	24075	BAD	Pakistan					Winter	old cultivar	1933		INRA wheat Core Collection	Balfourier		
WW-470	Triticum	aestivum		Albidum 12	24108	BAD	Russia					Spring	cultivar	1980		INRA wheat Core Collection	Balfourier		
WW-471	Triticum	aestivum		Palestinskaya	24180	BAD	Israel					Spring	landrace	1927		INRA wheat Core Collection	Balfourier		
WW-472	Triticum	aestivum		Landrace	24184	BAD	Israel					Spring	landrace	1927		INRA wheat Core Collection	Balfourier		
WW-473	Triticum	aestivum		Landrace	24185	BAD	Turkmenia					Winter	landrace	1948		INRA wheat Core Collection	Balfourier		
WW-474	Triticum	aestivum		Landrace	24193	BAD	Azerbaijan					Spring	landrace	1927		INRA wheat Core Collection	Balfourier		
WW-475	Triticum	aestivum		Ardito	24209	BAD	Italy					Spring	old cultivar	1916		INRA wheat Core Collection	Balfourier		
WW-476	Triticum	aestivum		CHINESE_SPRING	2135	BAD	China					Spring	cultivar				Balfourier		
WW-477	Triticum	aestivum		BENCHUNG	1313	BAD	Nepal					Spring	old cultivar			INRA wheat Core Collection	Balfourier		
WW-478	Triticum	aestivum		CHANATE	2072	BAD	Mexico					Spring	cultivar	1971		INRA wheat Core Collection	Balfourier		
WW-479	Triticum	aestivum		CHIRKUNG	2141	BAD	Nepal					Spring	old cultivar			INRA wheat Core Collection	Balfourier		
WW-480	Triticum	aestivum		CHYAMTANG	2171	BAD	Nepal					Spring	old cultivar			INRA wheat Core Collection	Balfourier		
WW-481	Triticum	aestivum		FRONTHATCH	3170	BAD	USA					Spring	cultivar	1963		INRA wheat Core Collection	Balfourier		
WW-482	Triticum	aestivum		GHURKA	3306	BAD	Australia					Spring	old cultivar	1924		INRA wheat Core Collection	Balfourier		
WW-483	Triticum	aestivum		KULUNG	4207	BAD	Nepal					Spring	old cultivar			INRA wheat Core Collection	Balfourier		
WW-484	Triticum	aestivum		Mexique 58	4776	BAD	Mexico					Spring	Breeding line	1974		INRA wheat Core Collection	Balfourier		
WW-485	Triticum	aestivum		NORIN 29	5250	BAD	Japan					Spring	old cultivar	1949		INRA wheat Core Collection	Balfourier		
WW-486	Triticum	aestivum		SYNTHETIQUE-W7984	13812	BAD	Mexico					Spring	Breeding line			INRA wheat Core Collection	Balfourier		
WW-487	Triticum	aestivum		Punjab Tipe 18	23934	BAD	India					Spring	Landrace	1928		INRA wheat Core Collection	Balfourier		
WW-488	Triticum	aestivum		Landrace	23944	BAD	China					Spring	Landrace	1930		INRA wheat Core Collection	Balfourier		
WW-489	Triticum	aestivum		Landrace	23945	BAD	China					Spring	Landrace	1930		INRA wheat Core Collection	Balfourier		
WW-490	Triticum	aestivum		Landrace	23970	BAD	Tajikistan					Spring	Landrace	1935		INRA wheat Core Collection	Balfourier		
WW-491	Triticum	aestivum	var. milturum	Russischer Korschow 149	TRI 5081	BAD	Russia					Winter	Landrace			GENDIV	Kilian	IPK	
WW-492	Triticum	aestivum		Favori	WC040	BAD	France						Landrace			JIC Watkins collection 			
WW-493	Triticum	aestivum			WC044	BAD	Morocco	Granja Agricola, Quebdana, Melilla		35N 3W			Landrace			JIC Watkins collection 			
WW-494	Triticum	aestivum		Douchani	WC045	BAD	Syria	Lebanon, Bekaa, Baalbek, Damascus					Landrace			JIC Watkins collection 			
WW-495	Triticum	aestivum		Dolatkhani (white)	WC079	BAD	India	United Provinces					Landrace			JIC Watkins collection 			
WW-496	Triticum	aestivum		Gahu (Nepali) or Kyo (Sikkimese)	WC081	BAD	India	Sikkim		27N 89E			Landrace			JIC Watkins collection 			
WW-497	Triticum	aestivum		Desi	WC092	BAD	India	Jaswantnagar market, Etawa, United Provinces		27N 79E			Landrace			JIC Watkins collection 			
WW-498	Triticum	aestivum		Deve	WC281	BAD	Greece	Karditza & Trikkala districts of Thessalia					Landrace			JIC Watkins collection 			
WW-499	Triticum	aestivum			WC324	BAD	China	Yu Mao Grain Store, Hatamen Street, Peking. Ggown in city suburbs					Landrace			JIC Watkins collection 			
WW-500	Triticum	aestivum			WC325	BAD	United Kingdom						Landrace			JIC Watkins collection 			
WW-501	Triticum	aestivum		Soor Ghanum	WC433	BAD	India	Musafirpur, Upper Zhob, Baluchistan		32N 68E			Landrace			JIC Watkins collection 			
WW-502	Triticum	aestivum			WC440	BAD	China						Landrace			JIC Watkins collection 			
WW-503	Triticum	aestivum			WC474	BAD	Afghanistan						Landrace			JIC Watkins collection 			
WW-504	Triticum	aestivum		Surka Oscista	WC483	BAD	Poland						Landrace			JIC Watkins collection 			
WW-505	Triticum	aestivum			WC562	BAD	Greece	Tripolis district, Peloponese					Landrace			JIC Watkins collection 			
WW-506	Triticum	aestivum			WC566	BAD	Greece	Pygros district, Peloponese					Landrace			JIC Watkins collection 			
WW-507	Triticum	aestivum			WC637	BAD	Turkey	Kirk Agach, 50 miles NE of Izmir		39N 28E			Landrace			JIC Watkins collection 			
WW-508	Triticum	aestivum		Gahu (Nepali) or Kyo (Sikkimese)	WC732	BAD	India	Sikkim		27N 89E			Landrace			JIC Watkins collection 			
WW-509	Triticum	aestivum			WC740	BAD	USSR	Siberia					Landrace			JIC Watkins collection 			
WW-510	Triticum	aestivum			WC742	BAD	Algeria						Landrace			JIC Watkins collection 			
WW-511	Triticum	aestivum		Abi	WC789	BAD	USSR	Kunduz, Turkestan		26N 86E			Landrace			JIC Watkins collection 			
WW-512	Triticum	aestivum			WC816	BAD	Italy	Piacenza					Landrace			JIC Watkins collection 			
WW-241	Triticum 	sphaerococcum Perciv.			PI 83402	BAD 	China	Jiangsu					landrace			wheat wild relatives and neglected	Kilian		
WW-247	Aegilops	tauschii Coss.	subsp. tauschii		IG 48508	D	Turkmenia	Yarti-Kala; 12 km S Kara-Kala					wild			wheat wild relatives and neglected	Kilian		
WW-229	Triticum	 araraticum Jakubz.	subsp. kurdistanicum Dorof. et Migusch.		IG 119456	GA	Syria	Kafr Nabil; 2 km S					wild			wheat wild relatives and neglected	Kilian		
WW-230	Triticum	 araraticum Jakubz.	subsp. kurdistanicum Dorof. et Migusch.		TR 17 TP061-TP063	GA	Iraq	Iraq, Salahadin; 36°23`N, 44°17`E					wild			wheat wild relatives and neglected	Kilian		
WW-231	Triticum	 araraticum Jakubz.	subsp. araraticum		TR 99 TP083-TP087	GA	Turkey	Turkey, 39.9 km N from Elazig to Hozat					wild			wheat wild relatives and neglected	Kilian		
WW-232	Triticum	 araraticum Jakubz.	subsp. kurdistanicum Dorof. et Migusch.		TR 51 TP065-1	GA	Iraq	14 km S from Sulaymaniyah to Qara Dagh								wheat wild relatives and neglected	Kilian		
WW-233	Triticum	 araraticum Jakubz.	subsp. araraticum		TR 61 TP071-2	GA	Iraq	53 km NW from Sulaymaniyah to Dukan Dam								wheat wild relatives and neglected	Kilian		
WW-234	Triticum	 araraticum Jakubz.	subsp. kurdistanicum Dorof. et Migusch.		TR 69 TP072-2	GA	Iraq	19.1 km W Shaqlawa to Arbil								wheat wild relatives and neglected	Kilian		
WW-235	Triticum	 araraticum Jakubz.	subsp. kurdistanicum Dorof. et Migusch.		TR 94 TP078-1	GA	Turkey	26.3 km NE from Mardin to Midyat								wheat wild relatives and neglected	Kilian		
WW-236	Triticum	 araraticum Jakubz.	subsp. kurdistanicum Dorof. et Migusch.		TR 95 TP080-1	GA	Turkey	17.3 km E from Silvan to Bitlis								wheat wild relatives and neglected	Kilian		
WW-237	Triticum	 araraticum Jakubz.	subsp. kurdistanicum Dorof. et Migusch.		2643-2 (2011)	GA	Turkey									wheat wild relatives and neglected	Kilian		
WW-238	Triticum	 araraticum Jakubz.	subsp. kurdistanicum Dorof. et Migusch.		2661-2 (2011)	GA	Turkey	1 km North of Akcaburc								wheat wild relatives and neglected	Kilian		
WW-239	Triticum	 araraticum Jakubz.	subsp. kurdistanicum Dorof. et Migusch.		2794-1	GA	Turkey	45 km SE of Maras (Maras - Gaziantep),								wheat wild relatives and neglected	Kilian		
WW-256	Triticum	timopheevii (Zhuk.) Zhuk.			TR 106 TP041-TP045	GA 	former Soviet Union	USSR								wheat wild relatives and neglected	Kilian		
WW-269	Triticum	timopheevii (Zhuk.) Zhuk.			TR 104 TP031-TP034	GA 	former Soviet Union									wheat wild relatives and neglected	Kilian		
WW-242	Triticum	zhukovskyi	A.M.Menabde & Eritzjan		TRI 7258	GAA	Georgia									wheat wild relatives and neglected	Kilian		
WW-272	Aegilops	speltoides Tausch	subsp. speltoides		Spel-332/1	Ss	Turkey	Turkey, Diyarbakir; 37°58`N, 40°20`E								wheat wild relatives and neglected	Kilian		
WW-274	Aegilops	speltoides Tausch	subsp. speltoides		SPE 351-2-1	Ss	Turkey	Turkey, Adiyaman; 38°1`N, 38°31`E								wheat wild relatives and neglected	Kilian		
WW-246	Aegilops	tauschii Coss.														wheat wild relatives and neglected			
WW-248	Aegilops	tauschii Coss.														wheat wild relatives and neglected			
WW-259	Triticum	dicoccoides (Koern. ex Aschers. et Graebn.) Schweinf.														wheat wild relatives and neglected			
WW-266	Triticum	dicoccon Schrank														wheat wild relatives and neglected			
WW-273	triticum	aestivum			TRI 6655		Iran									GENDIV	Kilian		
