Whealbi serial number	Taxonomy	Genome	Variety/Genotype	Growth habit	Group	Continent
WW001	Triticum aestivum 	BAD	LEEDS	Winter	IV	Europe
WW002	Triticum aestivum 	BAD	STADIUM	Winter	IV	Europe
WW003	Triticum aestivum 	BAD	CALISOL	Winter	IV	Europe
WW004	Triticum aestivum 	BAD	ZEPHYR	Winter	IV	Europe
WW005	Triticum aestivum 	BAD	FORZOR	Winter	IV	Europe
WW006	Triticum aestivum 	BAD	TOSKANI	Winter	IV	Europe
WW007	Triticum aestivum 	BAD	LITHIUM	Winter	IV	Europe
WW008	Triticum aestivum 	BAD	MODERN	Winter	IV	Europe
WW009	Triticum aestivum 	BAD	KWS Dacanto	Winter	IV	Europe
WW010	Triticum aestivum 	BAD	KWS Ferrum	Winter	IV	Europe
WW011	Triticum aestivum 	BAD	Julius	Winter	IV	Europe
WW012	Triticum aestivum 	BAD	Dekan	Winter	IV	Europe
WW013	Triticum aestivum 	BAD	KWS Magic	Winter	IV	Europe
WW014	Triticum aestivum 	BAD	KWS Milaneco	Winter	IV	Europe
WW015	Triticum aestivum 	BAD	KWS Jonatan	Winter	IV	Europe
WW016	Triticum aestivum 	BAD	Taifun	Spring	IV	Europe
WW017	Triticum aestivum 	BAD	KWS Scirocco	Spring	IV	Europe
WW018	Triticum aestivum 	BAD	KWS Chamsin	Spring	IV	Europe
WW019	Triticum aestivum 	BAD	Bologna	Winter	IV	Europe
WW020	Triticum aestivum 	BAD	Palesio	Facultative	IV	Europe
WW021	Triticum aestivum 	BAD	Tiepolo	Winter	IV	Europe
WW022	Triticum aestivum 	BAD	Altamira	Facultative	IV	Europe
WW023	Triticum aestivum 	BAD	MV-TOBORZO	Winter	IV	Europe
WW024	Triticum aestivum 	BAD	MV-KARIZMA	Facultative	IV	Europe
WW025	Triticum aestivum 	BAD	MV-SUBA	Winter	IV	Europe
WW026	Triticum aestivum 	BAD	MV-KOLO	Winter	IV	Europe
WW027	Triticum aestivum 	BAD	MV-MAGDALENA	Winter	IV	Europe
WW028	Triticum aestivum 	BAD	Martonvásári 9kr1 (MV9KR1)	Winter	IV	Europe
WW029	Triticum aestivum 	BAD	ASAKAZE-KOMUGI	Facultative	III	Asia
WW030	Triticum aestivum 	BAD	KWS Satiago	Winter	IV	Europe
WW031	Triticum aestivum 	BAD	KWS Croft	Winter	IV	Europe
WW032	Triticum aestivum 	BAD	Conqueror	Winter	IV	Europe
WW033	Triticum aestivum 	BAD	Cordiale	Winter	IV	Europe
WW034	Triticum aestivum 	BAD	KWS Willow	Spring	IV	Europe
WW035	Triticum aestivum 	BAD	Granary	Spring	IV	Europe
WW036	Triticum aestivum 	BAD	Actros 	Winter	IV	Europe
WW037	Triticum aestivum 	BAD	Aguila	Winter	IV	Europe
WW038	Triticum aestivum 	BAD	Akratos               	Winter	IV	Europe
WW039	Triticum aestivum 	BAD	Akteur                 	Winter	IV	Europe
WW040	Triticum aestivum 	BAD	Alcazar                 	Winter	IV	Europe
WW041	Triticum aestivum 	BAD	Aldric                    	Winter	IV	Europe
WW042	Triticum aestivum 	BAD	Global  	Winter	IV	Europe
WW043	Triticum aestivum 	BAD	Inspiration         	Winter	IV	Europe
WW044	Triticum aestivum 	BAD	Kalahari               	Winter	IV	Europe
WW045	Triticum aestivum 	BAD	Orcas                    	Winter	IV	Europe
WW046	Triticum aestivum 	BAD	Phare                   	Winter	IV	Europe
WW047	Triticum aestivum 	BAD	Rimbaud             	Winter	IV	Europe
WW048	Triticum aestivum 	BAD	ALCHEMY	Winter	IV	Europe
WW049	Triticum aestivum 	BAD	BROMPTON	Winter	IV	Europe
WW050	Triticum aestivum 	BAD	CLAIRE	Winter	IV	Europe
WW052	Triticum aestivum 	BAD	RIALTO	Winter	IV	Europe
WW053	Triticum aestivum 	BAD	ROBIGUS	Winter	IV	Europe
WW055	Triticum aestivum 	BAD	XI-19	Facultative	IV	Europe
WW056	Triticum aestivum 	BAD	WELFORD	Winter	IV	Europe
WW057	Triticum aestivum 	BAD	CHANCELIER	UNK	UNK	Europe
WW058	Triticum aestivum 	BAD	AMI	UNK	UNK	Europe
WW059	Triticum aestivum 	BAD	SHAMROCK	Winter	IV	Europe
WW060	Triticum aestivum 	BAD	KALTOP	UNK	UNK	Europe
WW061	Triticum aestivum 	BAD	PAUILLAC	UNK	UNK	Europe
WW062	Triticum aestivum 	BAD	QUEBON	UNK	UNK	Europe
WW063	Triticum aestivum 	BAD	METEOR	UNK	UNK	Europe
WW064	Triticum aestivum 	BAD	Saratovskya 29	Spring	II	Asia
WW065	Triticum aestivum 	BAD	Janetskis Probat	Spring	II	Europe
WW066	Triticum aestivum 	BAD	Synthetics R93	Facultative	III	na
WW067	Triticum aestivum 	BAD	Sibilla	UNK	III	Europe
WW068	Triticum aestivum 	BAD	Victo	UNK	IV	Europe
WW069	Triticum aestivum 	BAD	Spada	UNK	III	Europe
WW070	Triticum aestivum 	BAD	Agadir	UNK	IV	Europe
WW071	Triticum aestivum 	BAD	Artico	UNK	IV	Europe
WW072	Triticum aestivum var. aestivum 	BAD	Rusalka 	Winter	III	Europe
WW073	Triticum aestivum var. aestivum 	BAD	San Pastore Typ 2 	Winter	III	Europe
WW074	Triticum aestivum var. aestivum 	BAD	Norin 16 	Winter	II	Asia
WW075	Triticum aestivum var. aestivum 	BAD	Suwon Nr. 86 	Winter	II	Asia
WW076	Triticum aestivum var. aestivum 	BAD		Winter	III	Asia
WW077	Triticum aestivum var. aestivum 	BAD	NS 732 	Winter	III	Europe
WW078	Triticum aestivum var. ferrugineum 	BAD		Winter	II	Europe
WW079	Triticum aestivum var. ferrugineum 	BAD	Norin 4 	Winter	II	Asia
WW080	Triticum aestivum var. lutescens	BAD	Minhardi Min. 1505	Winter	I	America
WW081	Triticum aestivum var. milturum	BAD	Chinesischer Weizen	Winter	II	Asia
WW082	Triticum aestivum var. milturum 	BAD	Crvena Zvezda 	Winter	III	Europe
WW083	Triticum aestivum var. suberythrospermum 	BAD	Shirasay-Ibaragi 2 	Winter	II	Asia
WW084	Triticum aestivum var. aestivum 	BAD	Bej-Szi 3 	Winter	III	Asia
WW085	Triticum aestivum var. aestivum 	BAD	Egyptian 	Winter	II	Africa
WW086	Triticum aestivum var. aestivum 	BAD	Dawson Golden 	Winter	II	Europe
WW087	Triticum aestivum var. aestivum 	BAD	Karcagi 1042 	Winter	II	Europe
WW088	Triticum aestivum var. aestivum 	BAD	Mindenes 	Winter	II	Europe
WW089	Triticum aestivum var. aestivum 	BAD	Bánkúti 1201 	Winter	II	Europe
WW090	Triticum aestivum var. aestivum 	BAD	Odvos 116 	Winter	III	Europe
WW091	Triticum aestivum var. aestivum 	BAD	Fulcaster 	Winter	II	America
WW092	Triticum aestivum var. aestivum 	BAD	Saline 	Winter	II	America
WW093	Triticum aestivum var. aestivum 	BAD	Red Hussar 	Winter	II	America
WW094	Triticum aestivum var. albidumcompactoides 	BAD	Sperlings Buhlendorfer 	Winter	II	Europe
WW095	Triticum aestivum var. ferrugineum 	BAD	Li-Cho Nr. 3 	Winter	III	Asia
WW096	Triticum aestivum var. ferrugineum 	BAD	Njemertsch Triumph Begrannter Roter  Verbesserter 	Winter	II	Europe
WW097	Triticum aestivum var. lutescens 	BAD	Newsar 	Winter	III	America
WW098	Triticum aestivum var. aestivum 	BAD	Riebesel St. 47-51 	Winter	III	Europe
WW099	Triticum aestivum var. aureum 	BAD	Falco 	Winter	II	Europe
WW100	Triticum aestivum var. lutescens 	BAD	Carstens VIII 	Winter	II	Europe
WW101	Triticum aestivum var. lutescens 	BAD	Fema 	Winter	II	Europe
WW102	Triticum aestivum var. lutescens 	BAD	Caprimus 	Winter	III	Europe
WW103	Triticum aestivum var. lutescens 	BAD	Mado 	Winter	II	Europe
WW104	Triticum aestivum var. lutescens 	BAD		Winter	III	Asia
WW105	Triticum aestivum var. lutescens 	BAD	Virtue 	Winter	III	na
WW106	Triticum aestivum var. lutescenscompactoides 	BAD	Draegers Dickkopf 	Winter	II	Europe
WW107	Triticum aestivum var. lutescens	BAD	Landweizen aus Neuhausen	Winter	I	Europe
WW108	Triticum aestivum var. lutescens	BAD	Smogger	Winter	II	America
WW109	Triticum aestivum var. subhostianuminflatum 	BAD		Winter	III	Asia
WW110	Triticum aestivum var. wittmackianum 	BAD		Winter	II	Europe
WW111	Triticum aestivum var. aureum 	BAD		Winter	III	Europe
WW112	Triticum aestivum var. aureum 	BAD		Winter	III	Europe
WW113	Triticum aestivum var. aureum 	BAD	Jacob Cats 	Winter	III	Africa
WW114	Triticum aestivum var. hostianum 	BAD	Griechischer Weizen 	Winter	II	Europe
WW115	Triticum aestivum var. lutescens 	BAD	Shireffs Dickkopf 	Winter	IV	Europe
WW116	Triticum aestivum var. lutescens 	BAD	Landweizen aus Heimtal 	Winter	II	Europe
WW117	Triticum aestivum var. lutescens 	BAD	Hercuter White 	Winter	II	Europe
WW118	Triticum aestivum var. lutescens 	BAD	Wietfelds Flettmarer Land Heidefürst 	Winter	II	Europe
WW119	Triticum aestivum var. lutescens 	BAD	Klimatinskaja 	Winter	III	Asia
WW120	Triticum aestivum var. lutescens 	BAD	Landweizen aus Voehma II 	Winter	II	Europe
WW121	Triticum aestivum var. milturum 	BAD	Landweizen aus Heimtal 	Winter	II	Europe
WW122	Triticum aestivum var. milturum 	BAD	Haidenburger Landweizen 	Winter	II	Europe
WW123	Triticum aestivum var. milturum 	BAD	Kursas 	Winter	II	Europe
WW124	Triticum aestivum var. milturum 	BAD		Winter	II	Europe
WW125	Triticum aestivum var. lutescens	BAD	Campeador	Winter	III	Europe
WW127	Triticum aestivum var. aestivum	BAD	0	Winter	II	Europe
WW131	Triticum aestivum var. milturum	BAD	Villa Glori	Winter	III	Europe
WW132	Triticum aestivum var. milturum	BAD	Novaro	Winter	II	Europe
WW133	Triticum aestivum var. alborubrum	BAD	Anna Migliori	Winter	II	Europe
WW134	Triticum aestivum var. lutescens	BAD	Madif 20	Winter	III	Europe
WW135	Triticum aestivum var. ferrugineum	BAD	Colorben 4	Winter	III	Europe
WW136	Triticum aestivum var. lutescens	BAD	Marzotto	Winter	III	Europe
WW137	Triticum aestivum var. milturum	BAD	San Prospero	Winter	III	Europe
WW138	Triticum aestivum var. aestivum	BAD	0	Winter	III	Asia
WW140	Triticum aestivum var. subpseudohostianum	BAD	0	Winter	III	Asia
WW143	Triticum aestivum var. lutescens	BAD	Mackoviko vahladka	Winter	II	Europe
WW145	Triticum aestivum var. milturum	BAD	Zdzislawka	Winter	II	Europe
WW146	Triticum aestivum var. suberythrospermum	BAD	0	Winter	II	Asia
WW147	Triticum aestivum var. aestivum	BAD	0	Winter	III	Asia
WW148	Triticum aestivum 	BAD	Bussard	UNK	IV	Europe
WW149	Triticum aestivum 	BAD	Flair	UNK	IV	Europe
WW150	Triticum aestivum 	BAD	Ritmo	UNK	IV	Europe
WW151	Triticum aestivum 	BAD	Brando	UNK	IV	Europe
WW152	Triticum aestivum 	BAD	Recital	UNK	IV	Europe
WW153	Triticum aestivum 	BAD	Contur	UNK	III	Europe
WW154	Triticum aestivum 	BAD	Apache	UNK	IV	Europe
WW155	Triticum aestivum 	BAD	Monty	UNK	III	Europe
WW156	Triticum aestivum 	BAD	Timber	UNK	IV	Europe
WW157	Triticum aestivum 	BAD	Renan	UNK	IV	Europe
WW158	Triticum aestivum 	BAD	Sperber	UNK	III	Europe
WW159	Triticum aestivum 	BAD	Victo	UNK	III	na
WW160	Triticum aestivum 	BAD	JB Asano	UNK	IV	Europe
WW161	Triticum aestivum 	BAD	Interet	UNK	IV	Europe
WW162	Triticum aestivum 	BAD	Sogood	UNK	IV	Europe
WW163	Triticum aestivum 	BAD	Frument	UNK	IV	Europe
WW164	Triticum aestivum 	BAD	Rosario 	UNK	IV	Europe
WW165	Triticum aestivum 	BAD	Hereford	UNK	III	Europe
WW166	Triticum aestivum 	BAD	Mulan	UNK	IV	Europe
WW167	Triticum aestivum 	BAD	Ephoros	UNK	IV	Europe
WW168	Triticum aestivum 	BAD	Mikon	UNK	IV	Europe
WW169	Triticum aestivum 	BAD	Inspiration	UNK	IV	Europe
WW170	Triticum aestivum 	BAD	Opata	UNK	III	na
WW171	Triticum aestivum 	BAD	M6	UNK	III	na
WW172	Triticum aestivum 	BAD	Yuval	UNK	UNK	Asia
WW173	Triticum aestivum 	BAD	Zahir	UNK	UNK	Asia
WW174	Triticum aestivum 	BAD	Bar Nir	UNK	UNK	Asia
WW175	Triticum aestivum 	BAD	Gedera	UNK	UNK	Asia
WW176	Triticum aestivum 	BAD	Ruta	UNK	UNK	Asia
WW177	Triticum aestivum 	BAD	Galil	UNK	UNK	Asia
WW178	Triticum durum Desf. 	BA	Langdon	UNK	tetraploid	America
WW179	Triticum dicoccoides (Koern. ex Aschers. et Graebn.) Schweinf. 	BA	G18-16	UNK	tetraploid	Asia
WW180	Triticum turgidum 	BA	LxG #12	UNK	tetraploid	Asia
WW181	Triticum turgidum 	BA	LxG #105	UNK	tetraploid	Asia
WW182	Triticum turgidum 	BA	LxG #154	UNK	tetraploid	Asia
WW183	Triticum aestivum 	BAD	Turkmen-98	Winter	IV	Asia
WW184	Triticum aestivum 	BAD	Özkan	Alternative	IV	Asia
WW185	Triticum aestivum 	BAD	Balattila	Alternative	IV	Asia
WW186	Triticum aestivum 	BAD	Genç-99	Alternative	IV	Asia
WW187	Triticum aestivum var. subsardoum	BAD	0	Winter	II	Asia
WW188	Triticum aestivum var. ferrugineum	BAD	0	Winter	III	Europe
WW189	Triticum aestivum var. aestivum	BAD	Nr. 301	Winter	II	Europe
WW190	Triticum aestivum 	BAD	Pehlivan	Winter	IV	Asia
WW191	Triticum aestivum 	BAD	Tosunbey	Winter	IV	Asia
WW192	Triticum aestivum 	BAD	Sertak-52	Winter	II	Asia
WW194	Triticum aestivum 	BAD	Cumhuriyet-75	Alternative	III	Asia
WW195	Triticum aestivum 	BAD	Sivas 111/33	Winter	II	Asia
WW196	Triticum aestivum 	BAD	Akçabuğday	Alternative	I	Asia
WW197	Triticum aestivum var. erythroleucon	BAD	0	Winter	II	Asia
WW200	Triticum durum Desf. 	BA	Menceki	Alternative/Spring	tetraploid	Asia
WW201	Triticum durum Desf. 	BA	Durnadili	Alternative/Spring	tetraploid	Asia
WW202	Triticum durum Desf. 	BA	Boğacak	Alternative/Spring	tetraploid	Asia
WW203	Triticum durum Desf. 	BA	Mersiye	Alternative/Spring	tetraploid	Asia
WW204	Triticum durum Desf. 	BA	Balcalı-85	Alternative/Spring	tetraploid	Asia
WW205	Triticum durum Desf. 	BA	Balcalı-2000	Alternative/Spring	tetraploid	Asia
WW207	Triticum aestivum 	BAD	H996	Spring	I	Asia
WW208	Triticum aestivum 	BAD	H995	Spring	I	Asia
WW209	Triticum aestivum 	BAD	H1001	Spring	I	Asia
WW210	Triticum aestivum 	BAD		Spring	I	Asia
WW211	Triticum aestivum 	BAD	Karmraat	UNK	I	Asia
WW212	Triticum aestivum 	BAD		UNK	I	Asia
WW213	Triticum aestivum 	BAD		Winter	I	Asia
WW214	Triticum aestivum 	BAD		Spring	I	Asia
WW215	Triticum aestivum 	BAD	Pashmak	Spring	I	Asia
WW216	Triticum aestivum 	BAD		Winter	I	Asia
WW217	Triticum aestivum 	BAD		UNK	I	Asia
WW218	Triticum aestivum 	BAD		Spring	I	Asia
WW219	Triticum aestivum 	BAD		Spring	I	Asia
WW220	Triticum aestivum 	BAD		Spring	I	Asia
WW221	Triticum aestivum 	BAD		UNK	I	Asia
WW222	Triticum aestivum 	BAD		Winter	I	Asia
WW223	Triticum aestivum 	BAD		Spring	I	Asia
WW224	Triticum aestivum 	BAD		Spring	I	Asia
WW225	Triticum aestivum 	BAD		Spring	I	Asia
WW226	Triticum aestivum 	BAD		Spring	I	Asia
WW227	Triticum aestivum hadropyrum (Flaksb.)Tzvel.	BAD		UNK	I	Europe
WW228	Triticum aestivum hadropyrum (Flaksb.)Tzvel.	BAD		UNK	I	Asia
WW229	Triticum  araraticum Jakubz. subsp. kurdistanicum Dorof. et Migusch.	GA		UNK	tetraploid	Asia
WW230	Triticum  araraticum Jakubz. subsp. kurdistanicum Dorof. et Migusch.	GA		UNK	tetraploid	Asia
WW231	Triticum  araraticum Jakubz. subsp. araraticum	GA		UNK	tetraploid	Asia
WW232	Triticum  araraticum Jakubz. subsp. kurdistanicum Dorof. et Migusch.	GA		UNK	tetraploid	Asia
WW233	Triticum  araraticum Jakubz. subsp. araraticum	GA		UNK	tetraploid	Asia
WW234	Triticum  araraticum Jakubz. subsp. kurdistanicum Dorof. et Migusch.	GA		UNK	tetraploid	Asia
WW235	Triticum  araraticum Jakubz. subsp. kurdistanicum Dorof. et Migusch.	GA		UNK	tetraploid	Asia
WW236	Triticum  araraticum Jakubz. subsp. kurdistanicum Dorof. et Migusch.	GA		UNK	tetraploid	Asia
WW237	Triticum  araraticum Jakubz. subsp. kurdistanicum Dorof. et Migusch.	GA		UNK	tetraploid	Asia
WW238	Triticum  araraticum Jakubz. subsp. kurdistanicum Dorof. et Migusch.	GA		UNK	tetraploid	Asia
WW239	Triticum  araraticum Jakubz. subsp. kurdistanicum Dorof. et Migusch.	GA		UNK	tetraploid	Asia
WW240	Triticum spelta L. subsp. spelta	BAD		UNK	I	Europe
WW241	Triticum  sphaerococcum Perciv. 	BAD		UNK	I	Asia
WW242	Triticum zhukovskyi A.M.Menabde & Eritzjan	GAA		UNK	na	Europe
WW243	Triticum  dicoccon Schrank subsp. abyssinicumVav.	BA		UNK	tetraploid	Africa
WW244	Triticum  dicoccon Schrank subsp. asiaticum Vav.	BA		UNK	tetraploid	Asia
WW245	Triticum durum Desf. subsp. durum	BA		UNK	tetraploid	Europe
WW246	Aegilops tauschii Coss. subsp. Tauschii	D		UNK	diploide	Asia
WW247	Aegilops tauschii Coss. subsp. tauschii	D		UNK	diploide	Asia
WW248	Aegilops tauschii Coss. subsp. strangulata (Eig) Tzvel.	D		UNK	diploide	Asia
WW249	Triticum urartu Thum. ex Gandil. 	Au		UNK	diploide	Asia
WW250	Triticum urartu Thum. ex Gandil. 	Au		UNK	diploide	Asia
WW251	Triticum urartu Thum. ex Gandil. 	Au		UNK	diploide	Asia
WW252	Triticum boeoticum Boiss. subsp. thaoudar (Reut. ex Hausskn. ) Grossh.3	Ab		UNK	diploide	Asia
WW253	Triticum monococcum L. T. monococcum L.	Ab		UNK	diploide	Asia
WW254	Triticum monococcum L. T. monococcum L.	Am		UNK	diploide	Asia
WW255	Triticum monococcum L. T. monococcum L.	Am		UNK	diploide	Europe
WW256	Triticum timopheevii (Zhuk.) Zhuk. 	GA		UNK	tetraploid	Asia
WW257	Triticum dicoccoides (Koern. ex Aschers. et Graebn.) Schweinf. subsp. judaicum Vav.	BA		UNK	tetraploid	Asia
WW258	Triticum dicoccoides (Koern. ex Aschers. et Graebn.) Schweinf. subsp. dicoccoides	BA		UNK	tetraploid	Asia
WW259	Triticum dicoccoides (Koern. ex Aschers. et Graebn.) Schweinf. subsp. judaicum Vav.	BA		UNK	tetraploid	Asia
WW260	Triticum dicoccoides (Koern. ex Aschers. et Graebn.) Schweinf. subsp. dicoccoides 	BA		UNK	tetraploid	Asia
WW261	Triticum dicoccoides (Koern. ex Aschers. et Graebn.) Schweinf. subsp. dicoccoides 	BA		UNK	tetraploid	Asia
WW262	Triticum durum Desf. 	BA		UNK	tetraploid	Europe
WW263	Triticum boeoticum Boiss. subsp. thaoudar (Reut. ex Hausskn. ) Grossh.3	Ab		UNK	diploide	Asia
WW264	Triticum dicoccon Schrank subsp. asiaticum Vav.	BA		UNK	tetraploid	Asia
WW265	Triticum dicoccon Schrank subsp. dicoccon	BA		UNK	tetraploid	Europe
WW266	Triticum dicoccon Schrank subsp. asiaticum Vav.	BA		UNK	tetraploid	Europe
WW267	Triticum dicoccon Schrank subsp. dicoccon	BA		UNK	tetraploid	Europe
WW268	Triticum dicoccon Schrank subsp. asiaticum Vav.	BA		UNK	tetraploid	Asia
WW269	Triticum timopheevii (Zhuk.) Zhuk. 	GA		UNK	tetraploid	Asia
WW271	Triticum spelta L.  subsp. spelta	BAD		UNK	I	Europe
WW272	Aegilops speltoides Tausch subsp. speltoides	Ss		UNK	diploide	Asia
WW274	Aegilops speltoides Tausch subsp. speltoides	Ss		UNK	diploide	Asia
WW276	Triticum aestivum 	BAD	ALTIGO	Winter	IV	Europe
WW277	Triticum aestivum 	BAD	AREZZO	Winter	IV	Europe
WW278	Triticum aestivum 	BAD	BAROK	Winter	IV	Europe
WW279	Triticum aestivum 	BAD	PREMIO	Winter	IV	Europe
WW280	Triticum aestivum 	BAD	11IWSWSN14	Winter	III	America
WW281	Triticum aestivum 	BAD	3716-1	Winter	III	Europe
WW282	Triticum aestivum 	BAD	CH62022	Winter	III	Europe
WW283	Triticum aestivum 	BAD	AFRICA MAYO	Spring	II	Africa
WW284	Triticum aestivum 	BAD	ANDES 56	Spring	II	America
WW285	Triticum aestivum 	BAD	ARAWA	Spring	II	Oceania
WW286	Triticum aestivum 	BAD	Arkas	Spring	III	Europe
WW287	Triticum aestivum 	BAD	ATUT II	Winter	III	Europe
WW288	Triticum aestivum 	BAD	BT2277-TUN	Spring	III	Africa
WW289	Triticum aestivum 	BAD	BUCKBUCK'S'	Spring	III	America
WW290	Triticum aestivum 	BAD	114/62	Winter	III	Europe
WW291	Triticum aestivum 	BAD	CH73052	Winter	III	Europe
WW292	Triticum aestivum 	BAD	DAERAAD	Spring	II	Africa
WW293	Triticum aestivum 	BAD	DI6402-34-2-4	Winter	III	Europe
WW294	Triticum aestivum 	BAD	EMU'S'	Spring	III	America
WW295	Triticum aestivum 	BAD	GLENLEA-CAN	Spring	III	America
WW296	Triticum aestivum 	BAD	HIVERNAL	Winter	II	Europe
WW297	Triticum aestivum 	BAD	K1898-9/L200-6	Winter	III	Europe
WW298	Triticum aestivum 	BAD	MINTURK	Winter	I	America
WW299	Triticum aestivum 	BAD	N46	Spring	III	Asia
WW300	Triticum aestivum 	BAD	NYU BAY	Spring	III	Asia
WW301	Triticum aestivum 	BAD	Pitic 62	Spring	II	America
WW302	Triticum aestivum 	BAD	ZANDA	Winter	II	Europe
WW303	Triticum aestivum 	BAD	Coronation	Winter	II	America
WW304	Triticum aestivum 	BAD	NAVARRO150	Winter	III	Europe
WW305	Triticum aestivum 	BAD	CONCURRENT	Winter	I	Europe
WW306	Triticum aestivum 	BAD	ORFIELD	Winter	IV	Europe
WW307	Triticum aestivum 	BAD	Mirleben	Winter	IV	Europe
WW308	Triticum aestivum 	BAD	Tau-bugda	Winter	II	Asia
WW309	Triticum aestivum 	BAD	Yumai 34	Winter	III	Asia
WW310	Triticum aestivum 	BAD	CH01193	Winter	III	Europe
WW311	Triticum aestivum 	BAD	2838-39	Spring	III	Europe
WW312	Triticum aestivum 	BAD	line06/01/2003	Winter	III	Africa
WW313	Triticum aestivum 	BAD	line60293	Winter	III	Europe
WW314	Triticum aestivum 	BAD	664-258-18	Spring	III	Europe
WW315	Triticum aestivum 	BAD	A4	Spring	III	Asia
WW316	Triticum aestivum 	BAD	ADMONTER	Winter	II	Europe
WW317	Triticum aestivum 	BAD	Adular	Winter	IV	Europe
WW318	Triticum aestivum 	BAD	AIFENG NO4	Winter	III	Asia
WW319	Triticum aestivum 	BAD	AMIFORT	Spring	IV	Europe
WW321	Triticum aestivum 	BAD	ARCHE	Spring	IV	Europe
WW322	Triticum aestivum 	BAD	ARGENT	Winter	III	Europe
WW323	Triticum aestivum 	BAD	ARTOIS-DESPREZ	Spring	II	Europe
WW324	Triticum aestivum 	BAD	AUSTRO_BANKUT	Spring	I	Europe
WW325	Triticum aestivum 	BAD	BAHATANE 87 	Winter	I	Africa
WW326	Triticum aestivum 	BAD	BAIONETTE I	Winter	III	Europe
WW327	Triticum aestivum 	BAD	Balkan	Spring	III	Europe
WW328	Triticum aestivum 	BAD	BARBU DU FINISTERE	Winter	I	Europe
WW329	Triticum aestivum 	BAD	BEL ET BON	Winter	II	Europe
WW330	Triticum aestivum 	BAD	BELLIEI 590	Winter	II	Europe
WW331	Triticum aestivum 	BAD	BERZATACA	Winter	III	Europe
WW332	Triticum aestivum 	BAD	BIRGITTA	Winter	II	Europe
WW333	Triticum aestivum 	BAD	BLANC PRECOCE	Winter	I	Europe
WW334	Triticum aestivum 	BAD	BLONDYNKA	Winter	I	Europe
WW335	Triticum aestivum 	BAD	Blueboy	Spring	II	America
WW336	Triticum aestivum 	BAD	BT2281	Spring	III	Africa
WW337	Triticum aestivum 	BAD	BT2296	Winter	III	Africa
WW338	Triticum aestivum 	BAD	CANDEAL DE AREVALO	Winter	I	Europe
WW339	Triticum aestivum 	BAD	CENAD 512	Winter	II	Europe
WW340	Triticum aestivum 	BAD	CEREALOR	Spring	II	Europe
WW341	Triticum aestivum 	BAD	COPPADRA	Winter	III	Asia
WW342	Triticum aestivum 	BAD	CORIN	Spring	III	Europe
WW343	Triticum aestivum 	BAD	COTIPORA	Spring	II	America
WW344	Triticum aestivum 	BAD	COURTOT	Winter	III	Europe
WW345	Triticum aestivum 	BAD	D130-63	Winter	III	Europe
WW346	Triticum aestivum 	BAD	Danubia	Spring	III	Europe
WW347	Triticum aestivum 	BAD	DETENICKA CERVENA	Winter	II	Europe
WW348	Triticum aestivum 	BAD	DIANA	Winter	III	Europe
WW349	Triticum aestivum 	BAD	DIANA II	Winter	III	Europe
WW350	Triticum aestivum 	BAD	DNEPROVSKAIA	Winter	III	Europe
WW351	Triticum aestivum 	BAD	DRAGON	Winter	III	Europe
WW352	Triticum aestivum 	BAD	DRAVA	Winter	III	Europe
WW353	Triticum aestivum 	BAD	EBRO  	Spring	III	Europe
WW354	Triticum aestivum 	BAD	ESTANZUELA DORADO	Winter	III	America
WW355	Triticum aestivum 	BAD	FERRUGINEUM	Winter	II	Asia
WW356	Triticum aestivum 	BAD	FLAMURA 85	Winter	IV	Europe
WW357	Triticum aestivum 	BAD	FLINT	Spring	I	America
WW358	Triticum aestivum 	BAD	FUKUHOKOMUGI	Spring	III	Asia
WW359	Triticum aestivum 	BAD	G66257	Spring	III	Europe
WW360	Triticum aestivum 	BAD	G72300	Spring	III	Europe
WW361	Triticum aestivum 	BAD	GAMMENYA	Winter	II	Oceania
WW362	Triticum aestivum 	BAD	GK SZOKE	Winter	III	Europe
WW363	Triticum aestivum 	BAD	GODOLLOI 15	Spring	II	Europe
WW364	Triticum aestivum 	BAD	Granarolo	Winter	III	Europe
WW365	Triticum aestivum 	BAD	GRANIT	Spring	III	Asia
WW366	Triticum aestivum 	BAD	GULAR	Spring	I	Oceania
WW367	Triticum aestivum 	BAD	H742A	Spring	III	Asia
WW368	Triticum aestivum 	BAD	H93-70	Spring	III	Europe
WW369	Triticum aestivum 	BAD	HYBRIDE 56 VILMORIN	Spring	II	Europe
WW371	Triticum aestivum 	BAD	IAS 1	Winter	II	America
WW372	Triticum aestivum 	BAD	ICARDA079	Winter	III	Asia
WW374	Triticum aestivum 	BAD	JO3045	Facultative	III	Europe
WW375	Triticum aestivum 	BAD	JUFY II	Spring	II	Europe
WW376	Triticum aestivum 	BAD	KENYA 350	Spring	II	Africa
WW377	Triticum aestivum 	BAD	KIRAC 66	Spring	III	Asia
WW378	Triticum aestivum 	BAD	KOLBEN 3	Winter	I	Europe
WW379	Triticum aestivum 	BAD	KRAKA	Winter	III	Europe
WW380	Triticum aestivum 	BAD	Lammas	Winter	I	Europe
WW381	Triticum aestivum 	BAD	LESZYNSKA WCZESNA	Spring	II	Europe
WW382	Triticum aestivum 	BAD	LONTOI	Spring	III	Europe
WW383	Triticum aestivum 	BAD	M45/66	Spring	III	America
WW384	Triticum aestivum 	BAD	M708//G25/N163	Winter	III	Asia
WW385	Triticum aestivum 	BAD	Malgorzatka Udycka	Spring	II	Europe
WW386	Triticum aestivum 	BAD	MARS DE SUEDE ROUGE BARBU	Winter	I	Europe
WW387	Triticum aestivum 	BAD	MASTER	Winter	III	Europe
WW388	Triticum aestivum 	BAD	MATRADERECSKEITF	Winter	III	Europe
WW389	Triticum aestivum 	BAD	MEDRA/AURORA//HOHENTURM/DINA	Spring	III	Europe
WW390	Triticum aestivum 	BAD	MEIRA	Spring	II	Europe
WW391	Triticum aestivum 	BAD	MELCHIOR	Winter	III	Europe
WW392	Triticum aestivum 	BAD	MICHE	Spring	II	Europe
WW393	Triticum aestivum 	BAD	MISKAAGANI	Spring	III	Asia
WW394	Triticum aestivum 	BAD	MOCHO DE ESPIGA BRANCA	Winter	I	Europe
WW396	Triticum aestivum 	BAD	N67M2	Winter	III	Asia
WW397	Triticum aestivum 	BAD	NACHIPUNDO	Winter	II	Asia
WW398	Triticum aestivum 	BAD	NONG DA NO141	Winter	III	Asia
WW399	Triticum aestivum 	BAD	NZ(81)P43	Spring	III	Oceania
WW400	Triticum aestivum 	BAD	ODESSA EXP.STA.17413	Spring	III	Asia
WW401	Triticum aestivum 	BAD	ODESSA EXPSTA20722	Spring	III	Europe
WW402	Triticum aestivum 	BAD	ODESSA EXPSTA21821	Winter	III	Europe
WW403	Triticum aestivum 	BAD	ODESSKAIA 16	Winter	II	Europe
WW404	Triticum aestivum 	BAD	OGOSTA	Spring	III	Europe
WW405	Triticum aestivum 	BAD	OPAL	Winter	II	Europe
WW406	Triticum aestivum 	BAD	Orlandi	Winter	II	Europe
WW407	Triticum aestivum 	BAD	OULIANOWSKA	Winter	III	Asia
WW408	Triticum aestivum 	BAD	P. DE BROLLON	Winter	I	Europe
WW409	Triticum aestivum 	BAD	P4523-80	Spring	III	Europe
WW410	Triticum aestivum 	BAD	PATO	Spring	III	America
WW411	Triticum aestivum 	BAD	PRECOCE	Spring	II	Europe
WW412	Triticum aestivum 	BAD	PROMESSA	Winter	IV	Europe
WW413	Triticum aestivum 	BAD	REDMAN	Winter	II	America
WW414	Triticum aestivum 	BAD	RITAK	Winter	II	Asia
WW415	Triticum aestivum 	BAD	ROUGE DE MARCHISSY	Spring	I	Europe
WW416	Triticum aestivum 	BAD	S975-A4-A1	Winter	III	Africa
WW417	Triticum aestivum 	BAD	SEU SEUN 27	Winter	II	Asia
WW419	Triticum aestivum 	BAD	Strubes Dickkopf	Spring	I	Europe
WW420	Triticum aestivum 	BAD	TAFERSTAT	Spring	II	Africa
WW421	Triticum aestivum 	BAD	TAHTI	Spring	II	Europe
WW422	Triticum aestivum 	BAD	TREMESINO MEIRA	Winter	I	Europe
WW423	Triticum aestivum 	BAD	TRIGO DE MONTE	Winter	I	Europe
WW424	Triticum aestivum 	BAD	TURDA-81-77	Winter	III	Europe
WW425	Triticum aestivum 	BAD	VAKKA	Winter	II	Europe
WW426	Triticum aestivum 	BAD	VALDOR	Spring	II	Europe
WW427	Triticum aestivum 	BAD	RONGOTEA	Spring	III	Oceania
WW428	Triticum aestivum 	BAD	KITCHENER	Spring	I	America
WW429	Triticum aestivum 	BAD	STANLEY	Winter	I	America
WW430	Triticum aestivum 	BAD	WS-13 CARDENO 34/45	Winter	IV	Europe
WW431	Triticum aestivum 	BAD	NEELKANT	Winter	III	Asia
WW432	Triticum aestivum 	BAD	SANUNU	Spring	III	Asia
WW433	Triticum aestivum 	BAD	HOUMANA	Winter	III	Africa
WW434	Triticum aestivum 	BAD	CARIBO	Spring	III	Europe
WW435	Triticum aestivum 	BAD	LIMPOPO	Winter	III	Africa
WW436	Triticum aestivum 	BAD	Hopea	Winter	II	Europe
WW437	Triticum aestivum 	BAD	NON_PLUS_EXTRA	Winter	I	Europe
WW438	Triticum aestivum 	BAD	PRINCE LEOPOLD	Winter	II	Europe
WW439	Triticum aestivum 	BAD	Solaris	Winter	III	Europe
WW440	Triticum aestivum 	BAD	FRUH-WEIZEN	Spring	II	Europe
WW441	Triticum aestivum 	BAD	VOLT	Winter	IV	Europe
WW442	Triticum aestivum 	BAD	ORNICAR	Winter	IV	Europe
WW444	Triticum aestivum 	BAD	PAMUKALE	Spring	IV	Asia
WW445	Triticum aestivum 	BAD	ZILVE	Spring	III	Asia
WW446	Triticum aestivum 	BAD	AXONA	Winter	III	Europe
WW447	Triticum aestivum 	BAD	ROKYCANSKA_SAMETKA	Winter	I	Europe
WW448	Triticum aestivum 	BAD	HANA	Winter	III	Europe
WW449	Triticum aestivum 	BAD	FANTASIYA-ODESSKAYA	Winter	IV	Europe
WW450	Triticum aestivum 	BAD	EQUINOX	Winter	IV	Europe
WW451	Triticum aestivum 	BAD	HAMAC	Spring	IV	Europe
WW452	Triticum aestivum 	BAD	Landrace	Spring	I	Asia
WW453	Triticum aestivum 	BAD	Landrace	Spring	I	Asia
WW454	Triticum aestivum 	BAD	Landrace	Spring	I	Asia
WW455	Triticum aestivum 	BAD	Landrace	Winter	I	Africa
WW456	Triticum aestivum 	BAD	Landrace	Spring	I	Africa
WW457	Triticum aestivum 	BAD	Punjab Tipe 24	Spring	I	Asia
WW458	Triticum aestivum 	BAD	Punjab Tipe 15	Spring	I	Asia
WW459	Triticum aestivum 	BAD	Sarrubra	Spring	I	Asia
WW460	Triticum aestivum 	BAD	Landrace	Spring	I	Asia
WW461	Triticum aestivum 	BAD	Landrace	Spring	I	Asia
WW462	Triticum aestivum 	BAD	Landrace	Spring	I	Europe
WW463	Triticum aestivum 	BAD	Soor Ghanum	Spring	II	Asia
WW464	Triticum aestivum 	BAD	Landrace	Spring	II	Asia
WW465	Triticum aestivum 	BAD	Dalnevostochnaya 10	Winter	III	Asia
WW467	Triticum aestivum 	BAD	Landrace	Winter	I	Asia
WW468	Triticum aestivum 	BAD	Croisement 268	Facultative	I	Europe
WW469	Triticum aestivum 	BAD	Spin121var12536	Winter	I	Asia
WW470	Triticum aestivum 	BAD	Albidum 12	Spring	III	Asia
WW471	Triticum aestivum 	BAD	Palestinskaya	Spring	I	Asia
WW472	Triticum aestivum 	BAD	Landrace	Spring	I	Asia
WW473	Triticum aestivum 	BAD	Landrace	Winter	II	Asia
WW474	Triticum aestivum 	BAD	Landrace	Spring	I	Asia
WW475	Triticum aestivum 	BAD	Ardito	Spring	I	Europe
WW476	Triticum aestivum 	BAD	CHINESE_SPRING	Spring	III	Asia
WW477	Triticum aestivum 	BAD	BENCHUNG	Spring	II	Asia
WW478	Triticum aestivum 	BAD	CHANATE	Spring	III	America
WW479	Triticum aestivum 	BAD	CHIRKUNG	Spring	II	Asia
WW480	Triticum aestivum 	BAD	CHYAMTANG	Spring	II	Asia
WW481	Triticum aestivum 	BAD	FRONTHATCH	Spring	II	America
WW482	Triticum aestivum 	BAD	GHURKA	Spring	I	Oceania
WW483	Triticum aestivum 	BAD	KULUNG	Spring	II	Asia
WW484	Triticum aestivum 	BAD	Mexique 58	Spring	III	America
WW485	Triticum aestivum 	BAD	NORIN 29	Spring	II	Asia
WW486	Triticum aestivum 	BAD	SYNTHETIQUE-W7984	Spring	III	America
WW487	Triticum aestivum 	BAD	Punjab Tipe 18	Spring	I	Asia
WW488	Triticum aestivum 	BAD	Landrace	Spring	I	Asia
WW489	Triticum aestivum 	BAD	Landrace	Spring	I	Asia
WW490	Triticum aestivum 	BAD	Landrace	Spring	I	Asia
WW492	Triticum aestivum 	BAD	Favori	UNK	I	Europe
WW493	Triticum aestivum 	BAD		UNK	I	Africa
WW494	Triticum aestivum 	BAD	Douchani	UNK	I	Asia
WW495	Triticum aestivum 	BAD	Dolatkhani (white)	UNK	I	Asia
WW496	Triticum aestivum 	BAD	Gahu (Nepali) or Kyo (Sikkimese)	UNK	I	Asia
WW497	Triticum aestivum 	BAD	Desi	UNK	I	Asia
WW498	Triticum aestivum 	BAD	Deve	UNK	I	Europe
WW499	Triticum aestivum 	BAD		UNK	I	Asia
WW500	Triticum aestivum 	BAD		UNK	I	Europe
WW501	Triticum aestivum 	BAD	Soor Ghanum	UNK	I	Asia
WW502	Triticum aestivum 	BAD		UNK	I	Asia
WW503	Triticum aestivum 	BAD		UNK	I	Asia
WW504	Triticum aestivum 	BAD	Surka Oscista	UNK	I	Europe
WW505	Triticum aestivum 	BAD		UNK	I	Europe
WW506	Triticum aestivum 	BAD		UNK	I	Europe
WW507	Triticum aestivum 	BAD		UNK	I	Asia
WW508	Triticum aestivum 	BAD	Gahu (Nepali) or Kyo (Sikkimese)	UNK	I	Asia
WW509	Triticum aestivum 	BAD		UNK	I	Asia
WW510	Triticum aestivum 	BAD		UNK	I	Africa
WW511	Triticum aestivum 	BAD	Abi	UNK	I	Asia
WW512	Triticum aestivum 	BAD		UNK	I	Europe
